OBS,CONSTRUCTION,CPI,EMPLOYMENT,EXPORT2,GAS_PRICE,GOV_BALANCE2,IB_RATE,IMPORT2,IND_PROD,LABOR_REQUEST,LEND_RATE,M2_CONSTPRICE,NER,NFA_CB,OIL_PRICE,PPI,REAL_INCOME,REAL_INVESTMENT,REER,RETAIL,TIME,TIME_Y,UNEMP_RATE,WAGE,AGRICULTURE
1992M01,NA,NA,NA,NA,NA,NA,NA,NA,NA,NA,NA,NA,NA,NA,NA,NA,NA,NA,NA,NA,727197,1992,NA,NA,NA
1992M02,NA,NA,NA,NA,NA,NA,NA,NA,NA,NA,NA,NA,NA,NA,NA,NA,NA,NA,NA,NA,727228,1992.08333333333,NA,NA,NA
1992M03,NA,NA,NA,NA,NA,NA,NA,NA,NA,NA,NA,NA,NA,NA,NA,NA,NA,NA,NA,NA,727257,1992.16666666667,NA,NA,NA
1992M04,NA,NA,NA,NA,NA,NA,NA,NA,NA,NA,NA,NA,NA,NA,NA,NA,NA,NA,NA,NA,727288,1992.25,NA,NA,NA
1992M05,NA,NA,NA,NA,NA,NA,NA,NA,NA,NA,NA,NA,NA,NA,NA,NA,NA,NA,NA,NA,727318,1992.33333333333,NA,NA,NA
1992M06,NA,NA,NA,NA,NA,NA,NA,NA,NA,NA,NA,NA,NA,NA,NA,NA,NA,NA,NA,NA,727349,1992.41666666667,NA,NA,NA
1992M07,NA,NA,NA,NA,NA,NA,NA,NA,NA,NA,NA,NA,NA,NA,NA,NA,NA,NA,NA,NA,727379,1992.5,NA,NA,NA
1992M08,NA,NA,NA,NA,NA,NA,NA,NA,NA,NA,NA,NA,NA,NA,NA,NA,NA,NA,NA,NA,727410,1992.58333333333,NA,NA,NA
1992M09,NA,NA,NA,NA,NA,NA,NA,NA,NA,NA,NA,NA,NA,NA,NA,NA,NA,NA,NA,NA,727441,1992.66666666667,NA,NA,NA
1992M10,NA,NA,NA,NA,NA,NA,NA,NA,NA,NA,NA,NA,NA,NA,NA,NA,NA,NA,NA,NA,727471,1992.75,NA,NA,NA
1992M11,NA,NA,NA,NA,NA,NA,NA,NA,NA,NA,NA,NA,NA,NA,NA,NA,NA,NA,NA,NA,727502,1992.83333333333,NA,NA,NA
1992M12,NA,NA,NA,NA,NA,NA,NA,NA,NA,NA,NA,NA,NA,NA,NA,NA,NA,NA,NA,NA,727532,1992.91666666667,NA,NA,NA
1993M01,NA,NA,NA,NA,NA,NA,NA,NA,NA,NA,NA,NA,NA,NA,NA,NA,NA,NA,NA,NA,727563,1993,NA,NA,NA
1993M02,NA,NA,NA,NA,NA,NA,NA,NA,NA,NA,NA,NA,NA,NA,NA,NA,NA,NA,NA,NA,727594,1993.08333333333,NA,NA,NA
1993M03,NA,NA,NA,NA,NA,NA,NA,NA,NA,NA,NA,NA,NA,NA,NA,NA,NA,NA,NA,NA,727622,1993.16666666667,NA,NA,NA
1993M04,NA,NA,NA,NA,NA,NA,NA,NA,NA,NA,NA,NA,NA,NA,NA,NA,NA,NA,NA,NA,727653,1993.25,NA,NA,NA
1993M05,NA,NA,NA,NA,NA,NA,NA,NA,NA,NA,NA,NA,NA,NA,NA,NA,NA,NA,NA,NA,727683,1993.33333333333,NA,NA,NA
1993M06,NA,NA,NA,NA,NA,NA,NA,NA,NA,NA,NA,NA,NA,NA,NA,NA,NA,NA,NA,NA,727714,1993.41666666667,NA,NA,NA
1993M07,NA,NA,NA,NA,NA,NA,NA,NA,NA,NA,NA,NA,NA,NA,NA,NA,NA,NA,NA,NA,727744,1993.5,NA,NA,NA
1993M08,NA,NA,NA,NA,NA,NA,NA,NA,NA,NA,NA,NA,NA,NA,NA,NA,NA,NA,NA,NA,727775,1993.58333333333,NA,NA,NA
1993M09,NA,NA,NA,NA,NA,NA,NA,NA,NA,NA,NA,NA,NA,NA,NA,NA,NA,NA,NA,NA,727806,1993.66666666667,NA,NA,NA
1993M10,NA,NA,NA,NA,NA,NA,NA,NA,NA,NA,NA,NA,NA,NA,NA,NA,NA,NA,NA,NA,727836,1993.75,NA,NA,NA
1993M11,NA,NA,NA,NA,NA,NA,NA,NA,NA,NA,NA,NA,NA,NA,NA,NA,NA,NA,54.3,NA,727867,1993.83333333333,NA,NA,NA
1993M12,NA,NA,NA,NA,NA,NA,NA,NA,NA,NA,NA,NA,NA,NA,NA,NA,NA,NA,51.51,NA,727897,1993.91666666667,NA,NA,NA
1994M01,NA,NA,NA,NA,NA,NA,NA,NA,NA,NA,NA,NA,NA,NA,NA,NA,NA,NA,50.78,NA,727928,1994,NA,NA,NA
1994M02,NA,NA,NA,NA,NA,NA,NA,NA,NA,NA,NA,NA,NA,NA,NA,NA,NA,NA,51.67,NA,727959,1994.08333333333,NA,NA,NA
1994M03,NA,NA,NA,NA,NA,NA,NA,NA,NA,NA,NA,NA,NA,NA,NA,NA,NA,NA,51.5,NA,727987,1994.16666666667,NA,NA,NA
1994M04,NA,NA,NA,NA,NA,NA,NA,NA,NA,NA,NA,NA,NA,NA,NA,NA,NA,NA,55.35,NA,728018,1994.25,NA,NA,NA
1994M05,NA,NA,NA,NA,NA,NA,NA,NA,NA,NA,NA,NA,NA,NA,NA,NA,NA,NA,56.29,NA,728048,1994.33333333333,NA,NA,NA
1994M06,NA,NA,NA,NA,NA,NA,NA,NA,NA,NA,NA,NA,NA,NA,NA,NA,NA,NA,56,NA,728079,1994.41666666667,NA,NA,NA
1994M07,NA,NA,NA,NA,NA,NA,NA,NA,NA,NA,NA,NA,NA,NA,NA,NA,NA,NA,54.85,NA,728109,1994.5,NA,NA,NA
1994M08,NA,NA,NA,NA,NA,NA,NA,NA,NA,NA,NA,NA,NA,NA,NA,NA,NA,NA,53.62,NA,728140,1994.58333333333,NA,NA,NA
1994M09,NA,NA,NA,NA,NA,NA,NA,NA,NA,NA,NA,NA,NA,NA,NA,NA,NA,NA,52.94,NA,728171,1994.66666666667,NA,NA,NA
1994M10,NA,NA,NA,NA,NA,NA,NA,NA,NA,NA,NA,NA,4.05,NA,NA,NA,NA,NA,47.12,NA,728201,1994.75,NA,NA,NA
1994M11,NA,NA,NA,NA,NA,NA,NA,NA,NA,NA,NA,NA,4.47,NA,NA,NA,NA,NA,49.85,NA,728232,1994.83333333333,NA,NA,NA
1994M12,NA,NA,NA,NA,NA,NA,NA,NA,NA,NA,NA,NA,4.9,NA,NA,NA,NA,NA,53.43,NA,728262,1994.91666666667,NA,NA,NA
1995M01,3487.2875,4.0231361,145.46323,6659.7512,2.5648737,-0.17494164,822.7,4646.0026,68.446129,369.15179,386.3,22.382167,5.12,2.0929889648706,21.892642,3.9314332,91.039176,89.38467,52.89,100.44266,728293,1995,7.7461002,73.076888,198.70122
1995M02,3468.7104,4.4074149,145.24325,6970.5597,2.5918956,-0.21889563,233,4822.1181,67.636984,372.38216,449.4,22.174769,4.99,3.1097851910592,22.396661,4.5931751,89.372123,113.55095,50.61,101.65485,728324,1995.08333333333,7.8193997,71.632607,198.36625
1995M03,3443.5618,4.820098,144.59963,6755.2073,2.6194079,-0.33048067,243.8,4894.8924,67.170035,375.63021,422.1,21.304087,4.54,4.148026077789,21.639527,5.0879757,91.295755,110.4609,47.26,102.86525,728352,1995.16666666667,7.8893431,70.601662,196.90338
1995M04,3414.4061,5.2638297,144.4038,6726.5857,2.6611383,-0.097174068,175,4517.9263,65.416442,380.6441,416.7,22.031986,4.45,5.83008433797361,23.425484,5.8269299,90.824495,111.7897,46.78,94.612354,728383,1995.25,8.147974,70.81502,195.79943
1995M05,3416.0163,5.7167188,143.84627,7013.0045,2.6899491,-0.30077623,87.5,5063.2986,68.455548,384.64141,404.1,22.726971,4.45,8.66119446637498,22.506253,6.3555747,93.724234,128.42468,49.84,104.93646,728413,1995.33333333333,8.3934783,71.5471,194.85749
1995M06,3404.2039,6.1623025,143.18197,7146.6962,2.717991,-0.62176115,93.4,5361.4173,69.27887,392.51785,316.1,23.352346,4.5,10.0854629502972,21.55885,6.7462272,92.563156,122.27373,56.99,105.26629,728444,1995.41666666667,8.5720222,71.387071,195.25085
1995M07,3396.1827,6.5907963,142.45572,6543.8891,2.742387,-0.44033932,209,5259.596,67.877182,392.20374,283.2,23.608993,4.5,10.3206811138871,19.333205,7.2026007,93.053703,117.61968,61.7,105.03196,728474,1995.5,8.7166494,71.532954,196.16015
1995M08,3424.303,7.0922897,141.71283,6552.0967,2.7838772,-0.28315395,182.5,5278.1532,68.925248,395.85033,253.4,23.744939,4.58,10.916226583319,19.290635,7.6553812,92.092177,114.74853,67.13,105.71271,728505,1995.58333333333,9.0202654,72.523717,193.41777
1995M09,3364.5973,7.5218056,141.14532,7185.5754,2.7834948,-0.73248756,91.4,5397.7695,67.951495,392.7713,216.7,23.733258,4.64,11.1543030759086,20.01187,8.0511469,92.571882,111.18457,68.69,104.86521,728536,1995.66666666667,9.0375426,73.29862,191.5023
1995M10,3345.9647,7.8727889,140.29932,6936.2091,2.7859705,-0.95737092,39.6,5554.1907,66.679237,388.79897,233.3,23.800065,4.73,12.7028703706135,19.858375,8.388002,88.921135,112.16984,70.07,105.85599,728566,1995.75,9.2050857,74.823624,189.2073
1995M11,3293.458,8.1715151,139.46121,7517.0692,2.7117424,-1.1643677,38.7,6055.2123,66.681027,375.19946,237.5,24.24473,4.82,12.3417747586603,21.67085,8.6668818,89.688878,131.86319,71.8,105.85012,728597,1995.83333333333,9.0465648,75.643196,191.77198
1995M12,3319.3713,8.3675114,138.36196,6877.8651,2.6991872,-2.0208657,68.6,5627.4788,65.474598,359.44261,224.9,24.948016,4.86,14.3827766160492,23.864924,8.9056047,76.446607,125.18262,72.68,98.977622,728627,1995.91666666667,8.9365302,74.765222,190.28715
1996M01,3239.8694,8.3656104,136.23362,6869.7209,2.6660973,-0.95536339,36.5,5631.3057,65.375175,347.43069,203.6,25.504573,4.94,11.8975170238296,23.731575,9.1814082,91.471904,119.34034,73.85,107.10416,728658,1996,8.9118172,78.3028,190.19635
1996M02,3221.851,8.5286674,135.00155,7641.7718,2.6860762,-1.1394547,34,6000.8669,65.755341,336.71034,183.8,26.206599,5.03,12.6886625518264,23.481546,9.4263005,92.511313,114.71531,74.33,105.62649,728689,1996.08333333333,8.9652454,80.835195,189.36919
1996M03,3237.6561,8.781091,135.04596,7744.675,2.6815096,-0.88927625,97,5731.7118,65.931759,327.70913,176.1,26.604621,5.11,16.3311361028316,25.415837,9.6716095,91.310508,113.47588,74.86,105.12523,728718,1996.16666666667,9.0578764,81.286818,189.39462
1996M04,3236.8829,8.9915108,136.13222,7213.0786,2.6893356,-1.6040384,44,6014.4835,66.695776,319.03179,177.3,26.675462,5.19,14.2690188318113,26.263978,9.8798326,90.169948,109.33577,75.7,104.49193,728749,1996.25,9.4376329,81.454073,188.27677
1996M05,3206.1482,9.1642215,132.04359,7782.1699,2.6904238,-1.2511891,35.6,5845.5033,64.465206,310.65863,174.2,26.503358,5.35,12.0042688415614,23.526275,10.004604,88.679346,108.63774,75.61,103.7661,728779,1996.33333333333,9.7172225,82.590336,187.96669
1996M06,3174.5293,9.328187,131.25349,7193.5913,2.7005107,-0.72181469,89.3,5481.6744,63.808613,306.84595,177.6,26.66175,5.41,12.7923482883884,22.701929,10.181616,89.650369,106.52073,75.59,103.95562,728810,1996.41666666667,9.8093441,83.009428,185.75969
1996M07,3112.484,9.4905128,130.16718,7376.6219,2.6646163,-1.0577083,56.3,5779.9953,64.062331,304.31403,151,27.023253,5.45,12.4969054475592,23.903471,10.31394,90.051602,106.04311,74.17,104.30439,728840,1996.5,9.9630869,83.945804,183.31008
1996M08,3012.0411,9.6706583,129.25514,7061.7918,2.6994965,-1.4259886,37,5845.5861,62.791535,297.98665,125.2,27.4824,5.51,12.0886541552721,23.959158,10.482612,91.618264,105.28698,71.46,102.9435,728871,1996.58333333333,9.9684886,84.970906,185.91256
1996M09,2165.9782,9.8253343,128.08871,7246.3854,2.736415,-0.74552463,47.1,5470.4222,63.927599,296.22196,152.3,27.784482,5.55,11.3985460252079,26.497526,10.617749,91.74298,105.47433,70.87,102.84398,728902,1996.66666666667,9.9699636,84.338396,174.93725
1996M10,2373.8498,9.9462475,126.87292,8495.4846,2.8854952,-0.67185112,34.2,5495.8838,64.39958,331.41697,90.6,28.050075,5.63,10.5148098498305,29.170793,10.866396,94.487577,102.74101,71,101.98838,728932,1996.75,9.8220553,84.055398,185.30625
1996M11,2530.9768,10.082547,125.57718,7957.8746,2.9332777,-0.60745111,30.6,5326.9208,62.738171,293.28519,83.1,28.269225,5.68,11.6529318374233,28.603361,11.010353,94.653134,103.39783,71.15,101.42542,728963,1996.83333333333,9.8386831,83.155479,184.81565
1996M12,2628.1212,10.155364,124.56078,7814.1313,2.9973367,0.18462362,30.2,5311.7866,63.612898,295.78823,66.9,27.85628,5.73,11.2764348390512,31.253985,11.191459,93.591865,93.643334,71.8,99.834244,728993,1996.91666666667,9.908163,84.564441,183.53079
1997M01,2603.9652,10.034095,123.7969,7781.4535,2.9661859,-0.86639152,21.1,5569.3977,63.979698,301.99585,44.2,29.221469,5.74,9.92945913838054,31.047738,11.296941,98.165406,101.99147,74.04,108.91542,729024,1997,9.8588098,82.416415,183.4971
1997M02,2686.8977,10.110958,122.79625,7123.6348,2.9147712,-0.97855554,25.8,5275.1435,65.287543,306.25793,46.1,29.732742,5.77,11.1268235762445,27.219339,11.46594,97.380564,101.62699,76.6,109.07184,729055,1997.08333333333,9.8915213,83.337276,181.67574
1997M03,2676.8479,10.267773,121.9289,6876.5276,2.7903002,-1.0368876,32.4,5400.1587,64.308972,307.0756,41.6,29.962104,5.77,12.4287463000863,24.424768,11.616634,97.085245,103.05452,77.85,108.6553,729083,1997.16666666667,10.300151,84.453116,179.95957
1997M04,2750.239,10.394348,121.13949,6859.8224,2.7490155,-0.57447061,28.2,5987.2642,65.257768,326.06762,32.5,30.301453,5.81,14.0677178645436,21.839942,11.688139,97.844484,103.06427,78.28,109.0822,729114,1997.25,10.626724,85.198449,179.92606
1997M05,2674.8561,10.520854,120.59894,6689.3304,2.7103909,-0.69956517,14.8,5670.8232,64.89064,315.46058,34,30.801995,5.84,15.8841175756036,23.514038,11.769539,97.565447,101.95196,78.19,108.24792,729144,1997.33333333333,11.059625,85.291063,178.91473
1997M06,2697.547,10.69599,119.67234,6953.0951,2.7039473,-1.1432222,16.1,5771.8691,64.321226,317.85038,28.6,31.670557,5.86,20.3957254837276,21.80636,11.87179,99.242495,103.09303,78.74,107.71783,729175,1997.41666666667,11.170251,85.900238,179.25181
1997M07,2728.6887,10.895429,119.05112,7403.0407,2.6418405,-0.92328765,14.3,6151.3833,66.279492,336.44399,28.8,32.363485,5.9,20.1860867136615,22.463509,11.912159,97.466194,102.42396,80.14,107.35244,729205,1997.5,11.234501,86.646796,180.15565
1997M08,2697.7628,11.100307,118.44493,6843.8792,2.5997565,-0.78427594,16.2,6171.1088,66.787482,352.82788,28.3,32.898432,5.93,19.6039242729458,22.433013,11.924662,96.02837,101.7087,80.99,106.7361,729236,1997.58333333333,11.249786,87.77971,205.22234
1997M09,2672.6743,11.197907,117.74932,7050.9184,2.5608497,-1.1116385,15.6,6326.8201,67.013493,372.7419,24.8,33.187042,5.97,18.736966561118,22.160646,11.891702,94.747415,102.26642,78.98,108.56287,729267,1997.66666666667,11.221174,89.328329,196.41979
1997M10,2696.7165,11.220634,117.11885,7614.3053,2.4772254,-0.95593804,18.2,6517.6002,67.38673,389.65641,24,33.509885,6.05,18.4477240975257,24.699138,11.857477,93.655699,101.35556,77.86,107.90878,729297,1997.75,11.139881,89.012983,190.27415
1997M11,2656.0883,11.236016,117.03458,7878.0805,2.457465,-0.76514061,20.5,6155.2015,67.144657,407.00887,23,33.078387,6.05,12.2014181256762,24.393137,11.935138,93.617009,101.01979,78.14,108.69591,729328,1997.83333333333,11.114067,89.055617,183.51182
1997M12,2616.3573,11.264185,116.59337,7782.4037,2.4377769,-1.0832933,28.4,6746.7562,66.551205,426.9524,28.6,32.772515,6.09,12.8947006246668,22.725022,12.027311,94.612686,98.936452,80.11,110.40771,729358,1997.91666666667,11.056053,90.64473,179.32502
1998M01,2566.1137,11.038315,119.14919,6619.0795,2.502133,-1.0843743,24.1,6557.1486,65.208822,426.08788,29.8,32.910715,6.11,10.4796956644535,19.963712,12.105138,91.861551,97.32864,81.23,111.25614,729389,1998,11.063489,89.206206,175.75122
1998M02,2504.7988,11.051292,118.54289,6240.738,2.484797,-0.39740653,30.3,6182.218,66.246862,425.74858,30.4,32.881827,6.14,10.2121282148057,18.373357,12.153294,90.557275,96.905121,81.39,109.15541,729420,1998.08333333333,11.065388,89.933732,175.21773
1998M03,2626.1416,11.142043,118.20742,6352.2676,2.4666785,-0.85907332,25.9,6054.3026,65.681981,432.89942,38.3,32.697651,6.23,11.910482836004,16.630781,12.149238,88.52343,95.690349,81.3,108.26725,729448,1998.16666666667,11.422008,89.585034,175.11033
1998M04,2470.0268,11.219537,117.16943,6181.3854,2.4087839,-0.82230427,29.5,5891.1553,65.642673,418.96674,38.8,32.424984,6.27,10.9566181706078,16.739565,12.127102,88.433662,95.636508,80.67,108.86646,729479,1998.25,11.621872,89.252261,174.01117
1998M05,2586.4031,11.307457,116.43026,6117.5005,2.3689276,-0.82605985,47.6,5829.4272,63.074286,410.88031,40.4,32.00504,9.33,9.62557716272832,17.678159,12.053653,86.765294,95.101417,80.09,109.21512,729509,1998.33333333333,11.72193,88.335269,173.27304
1998M06,2540.7733,11.385431,115.57314,6558.6664,2.3161699,-0.79877956,56.1,5657.8221,62.4939,409.33362,48,31.299736,15.91,11.1604604018144,14.983588,12.058544,84.926818,93.99625,80.32,108.80068,729540,1998.41666666667,11.63932,88.758723,171.91009
1998M07,2523.2675,11.517197,114.58195,6565.089,2.2785586,-0.78337379,58.8,5327.3928,60.726531,392.58394,44.9,30.647124,16.01,13.8051186123686,14.673616,11.971093,85.108138,94.602298,80.32,109.95915,729570,1998.5,11.710835,88.664919,151.20373
1998M08,2581.1742,12.176861,113.62391,6077.6633,2.204548,-0.52173183,45.3,5012.6013,59.713591,395.77786,48.6,28.092099,17.88,8.19764129999596,14.257821,11.790217,84.172466,95.088327,77.18,111.40704,729601,1998.58333333333,12.044569,84.608977,154.40633
1998M09,2543.3164,16.91337,112.87853,6320.0758,2.1317792,-0.3449933,139.7,3124.4672,57.784116,361.92139,46.8,22.01373,20.65,8.84027254809976,16.046498,12.611596,71.571451,85.069139,49.55,105.84575,729632,1998.66666666667,12.1858,62.63518,160.02759
1998M10,2472.4914,17.671147,112.13402,5689.7665,1.9805247,-0.53459422,84.9,2844.5556,59.943388,345.02844,49,21.868587,22.6,9.65609418736155,15.473134,13.307257,74.041379,85.165749,45.7,96.984343,729662,1998.75,12.362643,61.219444,155.77129
1998M11,2547.452,18.598424,111.46813,5555.3339,1.9161947,-0.74853996,36.7,2850.8523,60.518993,355.77895,44.8,21.723302,22.86,8.17483039147382,14.020725,14.041163,72.189706,86.015518,47.14,97.068709,729693,1998.83333333333,12.678704,60.534885,159.08018
1998M12,2567.2945,20.646567,110.91364,6254.9203,1.8539615,0.34921435,27.8,2912.6395,61.288487,385.20112,41.7,21.149674,24.16,7.80137666049963,13.025404,14.833293,70.261157,77.658306,43.37,95.711112,729723,1998.91666666667,12.970049,57.970745,164.90033
1999M01,2674.8091,21.903668,110.89527,5226.9935,1.8349901,-0.25225956,28.1,3173.2516,62.596808,389.77194,45.5,20.762013,24.16,7.07819779562667,14.488069,15.82754,68.854985,89.885258,42.78,94.652055,729754,1999,11.755993,52.815918,164.85756
1999M02,2695.9909,22.73281,110.62604,5418.082,1.7902312,-0.47637411,20.4,3128.339,60.045512,416.8239,44.1,20.640146,24.44,7.28423621469836,13.329479,16.674323,68.378793,89.485424,44.76,96.083243,729785,1999.08333333333,13.812071,53.35942,165.86097
1999M03,2641.3727,23.396103,110.57632,5653.4884,1.7580077,-0.20925003,20.7,3306.6858,61.59654,434.98491,45.7,20.709299,24.21,6.67855286346704,15.409867,17.321769,68.501728,90.80713,46.37,96.842043,729813,1999.16666666667,13.694788,55.211891,166.8043
1999M04,2653.2728,24.1445,110.73538,6577.2057,1.6890853,-0.34901689,15.2,3217.3719,60.979351,469.19613,43.8,21.130225,24.19,7.07433044985865,18.952435,17.920783,69.324693,91.576815,45.75,96.026088,729844,1999.25,13.313734,56.04928,168.95465
1999M05,2574.6631,24.708624,110.894,5194.4033,1.6768599,-0.52715213,7.1,3004.4791,61.211975,493.51517,43.5,21.614896,24.81,8.03370293329456,18.697786,18.598942,69.905712,92.491235,47.14,96.9031,729874,1999.33333333333,13.0046,56.446714,169.8644
1999M06,2657.7438,25.253028,111.12287,5496.9146,1.6785312,0.00087182269,8.4,3948.2473,61.486173,532.44846,32.2,21.843467,25.05,8.18950647195298,19.379652,19.284559,69.626113,94.532955,48.68,97.670859,729905,1999.41666666667,12.718895,57.335924,171.04514
1999M07,2619.9966,26.066124,111.37305,6197.0417,1.6932442,-0.03628537,9,3187.5486,62.440429,565.21783,38.9,21.911564,26.05,7.8269196399985,22.800083,19.901721,69.739796,96.007704,50.37,97.148975,729935,1999.5,12.589669,56.607835,168.50704
1999M08,2604.4725,26.654245,110.78547,6067.398,1.738676,-0.096310114,9.3,3189.5144,62.348446,587.45275,38.5,21.984426,26.53,6.82375292809456,24.204457,20.776133,71.117326,96.269856,49.6,97.9691,729966,1999.58333333333,12.525371,57.462657,160.69238
1999M09,2667.5497,27.201457,111.82818,6416.8511,1.7958603,-0.046428575,18.2,3261.2284,64.346032,614.19622,37.8,22.233482,27,6.63348468870975,26.555898,21.925135,71.422252,97.379952,48.44,97.995278,729997,1999.66666666667,12.42773,58.157413,171.24216
1999M10,2695.5286,27.579573,112.00253,6768.6273,1.957928,0.12878329,16.1,3294.1599,61.434839,649.59366,37,22.947127,28.55,7.08087823467728,27.252379,23.083542,72.046271,99.487919,47.76,98.763355,730027,1999.75,12.472839,59.048434,172.47943
1999M11,2681.364,27.873948,112.13652,7352.6843,2.0353843,0.36075624,13.2,3342.3704,63.12754,663.73101,38.3,23.63234,28.65,7.59852703437406,31.523179,24.095644,72.402555,100.09636,47.39,99.052442,730058,1999.83333333333,12.4587,60.835047,173.30143
1999M12,2659.9513,28.141111,112.37862,8600.6916,2.1175988,-0.12071845,11.8,3353.1097,74.282826,687.82401,31.3,24.283426,28.6,8.45723087618462,33.869413,24.838498,75.482627,101.51711,47.05,100.45155,730088,1999.91666666667,12.135352,63.388919,174.31175
2000M01,2545.2396,28.311311,112.85516,7888.9433,2.9726884,0.10082043,11.8,3470.6456,70.014057,708.35087,34,25.074149,28.4,8.91240469051056,33.371396,25.791672,74.230479,103.89595,45.29,102.20702,730119,2000,11.695929,64.346338,175.86521
2000M02,2606.1651,28.503694,113.02691,8731.6584,3.0567468,0.55481794,11.3,3668.4782,69.146389,729.53333,31.3,25.877724,28.23,9.60619265300632,36.106158,26.694661,77.319588,106.91251,45.72,103.13426,730150,2000.08333333333,11.386618,65.525292,177.21138
2000M03,2480.8605,28.706908,113.20024,8858.9942,3.1361591,0.39765417,6.5,3522.5761,67.865647,757.63786,29.8,26.635424,28.05,11.4564011148993,34.924802,27.385027,78.448355,108.06419,46.6,103.86333,730179,2000.16666666667,11.043537,66.16135,177.91736
2000M04,2559.1016,28.994829,113.24937,8279.7051,3.1613149,0.55709768,11.1,3355.8616,73.273172,786.36481,29.2,27.225594,27.82,13.4098702859292,28.178777,27.751983,78.513654,108.72936,47.3,103.85769,730210,2000.25,10.74285,67.414706,177.31369
2000M05,2588.0408,29.523373,113.44547,8569.7377,3.2463059,0.82849099,7.6,3532.1553,67.773992,799.0175,25.5,27.977033,27.75,15.8776906250454,33.660929,28.259464,79.945335,110.05047,49.94,104.14911,730240,2000.33333333333,10.489125,67.893457,177.88577
2000M06,2488.8439,30.334166,113.53858,8897.7052,3.3330765,0.83730231,5.1,3589.1968,68.539955,789.50531,23,28.603356,27.75,17.6846397747187,36.866508,28.891281,79.845567,111.90738,50.53,105.06739,730271,2000.41666666667,10.471925,68.493884,178.72056
2000M07,2514.0791,30.994213,113.65755,8462.7162,3.4833746,0.60720758,3.4,3566.1529,67.932677,796.30649,22.7,29.537543,27.82,19.9552268488289,34.738883,29.851423,80.075669,111.99316,52.69,105.95446,730301,2000.5,10.432338,68.708829,178.30379
2000M08,2497.69,31.608331,113.68422,8961.0839,3.5894734,0.67157041,4.6,3838.6214,68.777808,819.69148,20.9,30.087648,27.89,20.2889434789792,35.865104,30.275043,79.856524,114.12951,54.49,106.47733,730332,2000.58333333333,10.274136,69.620905,179.92641
2000M09,2470.9398,32.209713,113.60781,8927.4213,3.7006834,0.73099035,3.3,3906.2148,68.48973,832.83602,20.5,30.788423,28.16,21.4739342484053,39.180224,30.746744,81.265923,114.40202,56.5,106.96421,730363,2000.66666666667,10.090186,70.477946,183.00855
2000M10,2451.8623,32.887767,113.63314,8629.3121,3.8233737,0.61457204,5.2,3996.841,68.826191,854.42865,20,31.103141,28.4,22.2899094605047,38.109686,31.54611,80.072891,114.87428,58.01,107.41036,730393,2000.75,9.8699701,71.210791,181.20072
2000M11,2437.5853,33.342211,113.60864,9716.9382,3.928395,0.64395325,8.5,4160.3158,69.433722,875.15392,18.1,31.783266,28.62,24.0352111979134,41.761669,32.117955,82.260439,116.55928,58.82,108.48493,730424,2000.83333333333,9.6867655,72.651852,180.62817
2000M12,2495.5744,33.802506,113.64122,8933.5918,4.0227881,0.60456696,7.3,4105.6934,69.887036,875.09465,18.2,32.303248,28.74,24.2643391490233,33.607752,32.729446,81.455343,115.69349,58.3,109.64951,730454,2000.91666666667,9.6614169,72.07508,181.10456
2001M01,2552.9541,34.206722,113.71229,9704.0796,4.1493687,0.5179762,5.4,3960.7469,70.413521,887.8907,18.6,32.297759,28.83,25.8885323121544,33.930427,33.298628,82.306665,118.19861,57.89,109.81112,730485,2001,9.5413801,80.026094,183.32471
2001M02,2484.2043,34.879025,113.64862,9055.7879,4.211768,0.3470592,12.1,4084.4767,69.910246,894.9732,19.1,32.575345,29.14,24.5907132057421,35.818475,33.585458,82.312883,118.50064,59.17,111.62038,730516,2001.08333333333,9.5505901,77.969475,183.17746
2001M03,2574.3788,35.53607,113.37415,8672.0062,4.2429138,0.73599161,8.3,4181.5188,69.972309,901.28194,18.8,32.843849,29.07,25.9421702182559,31.01998,33.8063,83.71976,118.24507,60.77,112.28407,730544,2001.16666666667,9.2703828,79.710785,183.65059
2001M04,2553.5507,36.202964,113.27696,8485.5055,4.2984565,0.76805725,9,4302.0789,69.716548,921.20319,17.5,33.323441,29.32,27.8682884445058,31.940085,33.964494,83.881237,119.62961,62.1,113.62726,730575,2001.25,9.0507105,78.37301,184.77541
2001M05,2565.3999,36.857045,113.01047,8635.8523,4.2413118,0.79323017,6.9,4696.787,72.249711,957.35659,18.1,33.384693,29.41,29.7486137213168,34.950146,34.34879,84.928288,121.44069,62.9,115.85544,730605,2001.33333333333,8.8663151,80.180872,185.78635
2001M06,2620.9597,37.526876,112.84166,9329.4445,4.1511715,0.54345971,13.2,4658.0684,71.323474,977.56869,18,33.747061,29.39,31.2511594218525,34.427835,35.14285,87.448527,120.8423,64.31,116.30869,730636,2001.41666666667,8.9337444,80.56364,186.40982
2001M07,2614.9721,37.812098,112.64244,7973.1275,3.9276352,0.47103844,6.2,4358.9599,70.897006,997.0751,18.6,34.574522,29.68,32.6945796665958,29.898018,35.312788,87.787805,121.55619,64.01,116.27483,730666,2001.5,8.9967221,82.642881,197.30477
2001M08,2650.1834,38.163349,112.31588,8881.5829,3.7755104,0.60603546,7.3,4652.049,71.343219,1008.8568,18.1,35.596613,29.9,33.6857620262243,30.798263,35.165576,89.813401,122.64615,62.94,117.97965,730697,2001.58333333333,9.0597093,84.935317,201.20106
2001M09,2698.1531,38.613509,112.05619,8463.808,3.6134097,0.28518303,8.1,4391.2351,71.620447,1024.5546,17.2,36.631685,30.14,34.0439984936587,30.677861,35.023998,90.124686,122.73397,62.83,118.21115,730728,2001.66666666667,8.9825607,84.978432,196.86268
2001M10,2737.4239,39.033441,111.73053,7746.9822,3.3987287,0.87762441,7.3,4627.4642,73.110814,1037.259,17.4,37.281093,30.68,34.0163637409914,25.236307,35.188822,88.752487,123.31149,63.39,119.44439,730758,2001.75,8.8741996,86.82806,183.08537
2001M11,2746.3054,39.512539,111.2997,8091.9709,3.2385915,0.93103152,13.5,4836.0553,73.538311,1032.4317,17,37.319644,30.94,33.2769023322214,24.326088,35.476216,88.774493,123.19146,63.93,120.33247,730789,2001.83333333333,8.7943024,87.461241,186.869
2001M12,2729.9193,40.088605,111.0571,7271.9261,3.0802993,0.98134214,23.9,4836.6943,71.409402,1027.5234,16.5,38.452225,31.12,32.5424007700954,24.729973,35.695735,88.214913,124.62348,63.83,121.05914,730819,2001.91666666667,8.4679137,90.573234,191.30373
2002M01,2671.2246,40.747617,111.43172,7808.6878,2.9077922,0.9015967,10.7,5028.1857,73.277045,1011.9363,17.9,37.505904,31.2,32.3166504981096,25.780846,35.759104,90.616615,121.23032,64.87,121.65722,730850,2002,8.1675369,91.972686,191.12929
2002M02,2710.9623,41.076122,110.99456,7331.4983,2.7947605,0.58728071,13.3,4882.0268,72.053095,974.33626,15.9,37.787515,31.31,32.7682967109096,26.514432,35.475572,91.239471,121.23937,65.44,122.18499,730881,2002.08333333333,7.8280638,92.275189,192.34546
2002M03,2728.4696,41.524558,110.41266,8216.5968,2.7043678,0.38163556,12.6,5016.7232,71.846184,967.41075,15.8,38.210128,31.45,33.1792200855329,30.11529,35.47241,92.066173,122.67799,66.36,123.01284,730909,2002.16666666667,7.9865196,92.984013,193.18385
2002M04,2762.3414,42.01539,109.8541,9524.6201,2.6188827,0.26240779,9.7,5545.5571,72.403849,951.62426,18.3,38.676579,31.45,35.0245121661148,32.062922,36.062297,94.711336,122.70598,66.23,124.6404,730940,2002.25,8.2453935,94.89676,193.08666
2002M05,2761.6543,42.745072,109.45077,8666.5439,2.5676689,0.25850245,5.2,5320.0667,72.317432,944.09216,17.7,39.217311,31.57,38.4958991284185,31.240492,36.795893,92.656817,122.48873,65.9,124.01066,730970,2002.33333333333,8.4644529,94.818999,192.92672
2002M06,2770.5077,43.048972,108.99454,8382.8785,2.537257,0.17842697,6.4,5447.079,72.856221,948.0626,15.2,39.69889,31.68,39.8479865019094,29.966521,37.834545,94.347374,123.7012,64.92,125.8705,731001,2002.41666666667,7.8041618,95.590317,192.75413
2002M07,2807.4394,43.479025,108.45829,9150.078,2.5103584,0.59416376,13.4,5836.8332,74.541316,948.94367,16,40.313259,31.77,39.5635272047297,31.392858,38.735336,96.335419,124.61293,64,127.9583,731031,2002.5,7.664305,98.061884,193.88205
2002M08,2869.4805,43.899874,107.85212,9791.1534,2.5336331,0.32401989,4.9,5693.4574,74.985798,955.1446,14.9,41.051814,31.84,40.596239177547,31.947027,39.346459,98.173511,124.74004,64.43,128.89006,731062,2002.58333333333,7.5270056,98.457037,193.37897
2002M09,2852.863,44.310476,107.16462,9676.2837,2.5756357,0.53213829,6.1,5848.5738,74.616126,954.46625,13.4,41.78812,31.78,41.8873375499085,34.043509,39.70685,98.229862,125.9756,64.42,129.86509,731093,2002.66666666667,7.8842085,98.496188,191.44422
2002M10,2869.3168,44.797829,106.58031,9606.564,2.7023205,-0.4603835,6.8,6161.6065,75.571241,949.78203,13.7,42.758817,31.83,43.0343302284237,33.950217,40.605698,100.72946,127.12541,64.97,130.94307,731123,2002.75,8.1949388,99.710285,192.51694
2002M11,2938.5794,45.487935,105.99488,8947.6054,2.7900942,-0.1359712,4.1,6050.6996,74.523702,943.77604,14.7,43.340355,31.6,44.4696967497638,31.470492,41.584386,101.62059,128.24433,64.99,131.7694,731154,2002.83333333333,8.4122862,99.720513,194.27973
2002M12,2874.1984,46.091696,105.47112,9763.8913,2.9035849,0.26112139,5.1,6009.783,74.309257,948.56963,14.9,43.992281,31.38,44.0536011604461,37.921902,42.0554,101.45103,129.01545,64.88,132.10256,731184,2002.91666666667,8.5464731,99.489804,193.23531
2003M01,2937.2504,46.596228,104.96849,11166.598,3.0354348,0.13132542,7.3,6544.6205,77.566818,948.92772,14.5,44.404121,31.1,45.5336362298987,41.413259,42.254617,106.50907,130.12383,64.6,132.93679,731215,2003,8.7792434,101.24609,193.10338
2003M02,2932.0215,47.197247,104.34731,10830.709,3.159114,0.29599963,2.5,6378.554,77.559521,979.88957,14.1,45.469515,30.73,49.3259323308073,42.666003,42.822626,106.58673,131.7747,65.22,133.51091,731246,2003.08333333333,8.8758204,101.3581,193.25428
2003M03,2930.1336,47.678253,103.74207,11233.299,3.2775432,0.27221175,2.8,6481.6523,79.094922,961.42797,13.3,46.740502,30.38,51.7900360460589,38.566746,43.343893,107.86928,133.31088,66.31,134.8224,731274,2003.16666666667,8.7987968,100.98409,193.2497
2003M04,2973.7829,48.183344,103.13353,10199.745,3.4830838,0.44349546,2,6734.9577,80.236287,947.2357,15.7,48.259006,30.28,56.1108144046118,31.273871,43.601142,106.68612,135.5991,67.23,135.01283,731305,2003.25,8.7240001,103.32782,193.07964
2003M05,2997.8773,48.570784,102.71325,10573.87,3.5671049,0.37937907,1.3,6735.3256,79.949521,938.27319,12.5,49.856551,30.5,61.1444070692298,31.708063,43.528831,109.57868,137.87152,66.09,136.09173,731335,2003.33333333333,8.7868836,104.74429,193.06868
2003M06,3033.6404,49.055992,102.20052,11335.366,3.6321883,0.17715234,1.4,6692.0375,79.555768,933.68192,11.8,51.540455,30.59,60.6906918184724,34.210758,43.620489,108.24254,137.8255,67.05,136.9864,731366,2003.41666666667,8.7565899,105.13941,192.61656
2003M07,3042.4243,49.518937,101.69666,11250.529,3.5909312,0.18201661,4.1,7145.6476,81.026065,929.77925,11.9,52.582423,29.93,60.7098744504945,34.592402,44.487635,109.43515,141.57155,68.47,137.75986,731396,2003.5,8.7335815,106.61099,175.10567
2003M08,2977.8295,49.752641,101.07931,11794.961,3.6098413,0.17521264,3.9,7029.0802,79.988797,936.45648,11.8,53.687574,29.74,59.0105911005711,35.782683,45.091903,109.90096,142.1981,68.9,138.15362,731427,2003.58333333333,8.7257498,107.33212,179.08958
2003M09,3045.5887,50.148388,100.58188,11521.03,3.6046162,0.29448057,9.9,7329.1167,82.111716,933.1246,13.2,54.389797,29.31,58.3303249372292,32.556494,45.65448,111.85702,145.29379,67.91,139.66818,731458,2003.66666666667,8.5384544,108.35765,207.99527
2003M10,3084.6509,50.666894,100.00183,12267.426,3.6253391,0.71795525,5.2,7417.6555,82.943453,935.70111,12.5,55.24962,28.5,61.1837900295389,36.466112,46.211999,113.48293,147.70136,67.87,140.81721,731488,2003.75,8.3268356,112.86622,204.44725
2003M11,3032.8649,51.124847,99.571473,11159.839,3.5935564,0.38403426,3.4,7151.2345,81.789745,936.44911,12,56.837057,28.52,64.414675474207,36.958171,46.692795,113.87383,147.51449,69.05,141.83395,731519,2003.83333333333,8.1362568,114.18428,194.40941
2003M12,3115.4402,51.607144,99.178142,12357.108,3.5643815,0.60590753,1.4,7758.7408,84.636879,933.66237,12.4,59.561019,28.51,73.17494672028,39.733913,47.414488,115.54608,150.58847,68.74,143.00801,731549,2003.91666666667,8.3448006,114.2965,198.23061
2004M01,3214.2537,51.857742,115.338,13053.986,3.4186996,0.19062134,1.1,7909.2373,84.513021,956.85919,12.2,62.653937,28.91,80.2268962443596,41.272396,49.324673,132.78465,156.1854,69.75,146.61564,731580,2004,8.5569659,114.11814,198.98532
2004M02,3288.562,52.191964,114.65874,13266.694,3.4016508,0.44236476,1.2,8121.6086,85.598697,949.63626,11.1,64.800164,28.98,82.5580610740957,40.342069,50.799437,117.6981,156.95595,71.21,148.12937,731611,2004.08333333333,8.7324076,117.55433,198.61164
2004M03,3271.1034,52.567318,114.05814,13524.393,3.3960441,0.44477304,1.8,8369.9549,85.257874,948.83041,11.7,65.726162,29.04,79.6387372597276,42.963817,51.35301,116.19481,158.33246,72.55,149.62008,731640,2004.16666666667,8.4701936,116.55669,197.94214
2004M04,3319.8276,53.105244,113.69018,14751.082,3.4381069,1.326564,5.2,8504.9427,85.960247,938.69634,12,65.92705,29.08,78.9044634071748,41.694911,52.131574,116.87173,159.20407,73.17,150.18483,731671,2004.25,8.1152673,117.58983,198.11199
2004M05,3346.0773,53.533204,113.25808,13772.517,3.4891792,1.0695502,9.7,8410.2032,86.209736,928.81811,12.8,65.832476,29.25,81.8492442434082,46.585024,53.082876,114.90355,162.37137,73.17,151.39157,731701,2004.33333333333,7.8716819,117.99096,197.85457
2004M06,3338.4853,54.025863,112.85413,15141.559,3.5653448,1.2020615,6.6,8692.7824,87.166018,920.71557,11.6,66.316869,29.22,84.4636804631037,43.693087,54.459844,118.51555,163.27285,72.71,152.6565,731732,2004.41666666667,7.8345132,119.29244,198.21899
2004M07,3476.4374,54.677629,112.32962,15233.43,3.6930416,1.6612482,3.8,8918.2639,87.032059,912.27751,11.2,65.900221,28.76,84.8575896070373,46.729916,54.938904,119.88637,161.97753,72.67,154.78528,731762,2004.5,7.8041912,119.48698,197.99841
2004M08,3473.3054,55.321459,112.05738,16488.709,3.8166142,1.36172,4.1,9133.1026,88.04355,904.14946,11.6,66.155553,28.15,84.9484645386186,51.611753,55.703583,120.73398,166.54446,72.81,155.86941,731793,2004.58333333333,7.7951898,119.90644,198.75426
2004M09,3441.4002,55.829968,111.49202,16223.402,3.9624299,2.3709277,3.1,9305.6923,87.625532,902.97327,11.5,66.894657,27.82,91.3282824331569,52.116734,57.364399,121.30366,165.96607,72.78,157.36799,731824,2004.66666666667,8.044175,120.08668,199.09133
2004M10,3517.9386,56.478542,111.0696,16691.912,4.1565119,1.1283209,1.1,9339.4863,87.190246,903.87199,10.9,68.699788,28.11,103.607146970481,61.33891,58.713555,124.23673,167.29208,72.91,159.42241,731854,2004.75,8.1412988,119.41593,200.91585
2004M11,3546.4874,57.093358,110.58701,17219.844,4.3449425,1.6623598,1.1,9840.2913,88.712905,906.65599,10.7,70.493207,27.7,113.702657556934,55.305907,60.485102,125.93485,169.1422,72.98,161.73124,731885,2004.83333333333,8.3407401,120.28895,199.6875
2004M12,3544.1847,57.661244,110.20628,17030.005,4.5410131,1.9701287,1.1,10218.266,90.14584,916.18123,10,72.105287,27.86,120.808798302295,52.731267,61.165479,125.82692,170.47395,73.42,162.36099,731915,2004.91666666667,8.042008,121.48462,198.7219
2005M01,3470.2658,58.464688,118.11336,15862.417,4.8546621,2.9480159,1.1,10094.31,88.184226,897.71229,10.8,72.957194,27.77,121.198603178905,58.620563,61.517228,126.98653,170.84593,75.76,164.09377,731946,2005,7.7854095,125.28286,200.51014
2005M02,3504.8353,59.004101,118.05024,17427.011,5.0489301,2.324302,1.1,10362.446,91.242538,873.807,10.6,74.306878,28.19,130.426592480299,59.54301,62.083737,129.3796,174.62647,76.83,166.41322,731977,2005.08333333333,7.6052536,126.07428,200.79093
2005M03,3488.762,59.72336,118.37531,18944.874,5.246568,2.4201987,1,10775.839,89.883293,876.6229,10.5,75.342699,28.64,133.651322142449,67.470253,63.401788,133.20507,173.65915,77.36,167.70182,732005,2005.16666666667,7.5874182,128.75071,201.29697
2005M04,3487.2925,60.425829,117.99549,19565.652,5.3352579,2.0581423,1.3,10625.034,90.672599,883.79548,10.3,76.19438,28.64,140.524022130963,64.81061,64.552316,133.7687,176.86385,79.06,170.54915,732036,2005.25,7.5026668,128.37409,201.74308
2005M05,3529.2427,60.952027,117.31194,20276.932,5.5159109,1.4864633,3,10760.359,88.692269,899.29752,11,76.839834,28.56,143.628596135144,59.790807,66.031616,133.95302,174.29759,79.81,172.16598,732066,2005.33333333333,7.5613845,128.44404,202.43634
2005M06,3546.461,61.448457,116.9232,19490.857,5.697214,2.3433095,4,10825.882,92.112965,915.96465,10.9,78.273407,28.53,147.775901944161,67.424681,65.921705,133.35628,179.48993,80.59,172.56641,732097,2005.41666666667,7.6278776,129.62006,202.53595
2005M07,3549.4265,61.859504,116.73291,20908.272,5.9141111,1.8037308,3.4,11451.838,91.114312,918.47123,10,80.000373,28.5,140.895551512009,70.114937,66.065612,135.28186,184.02589,80.61,174.14314,732127,2005.5,7.5975616,131.397,204.51642
2005M08,3686.1384,62.245356,116.47431,21033.042,6.1363356,1.964828,2.4,11590.163,91.727486,928.55806,10.5,82.198371,28.73,146.025587230123,76.865499,67.036166,135.29404,182.75824,79.41,175.93784,732158,2005.58333333333,7.5989796,134.67097,204.56482
2005M09,3721.4463,62.665322,116.08948,21339.806,6.369328,1.1432823,1.4,11956.252,92.812073,938.57912,10.5,84.191738,28.74,155.830304072072,75.667723,68.86473,140.38146,185.42476,79.49,178.67326,732189,2005.66666666667,7.5501394,136.78769,204.44563
2005M10,3705.7726,63.055232,115.79461,21176.889,6.7076472,3.5124146,2.9,11951.073,92.197542,945.24969,10.6,86.036821,28.13,161.240750570101,72.129564,70.028337,140.10073,185.77355,80.97,179.86001,732219,2005.75,7.4565023,136.19721,196.9052
2005M11,3781.3649,63.492727,115.485,21074.446,6.9541581,3.1235701,5.7,12722.461,93.594429,953.46638,11.4,87.929458,28.11,164.666262950362,71.343195,70.180286,142.11644,192.47435,81.61,181.96372,732250,2005.83333333333,7.4729402,138.02027,197.77067
2005M12,3892.9809,63.946244,115.25176,21809.712,7.1978639,2.8086334,4.8,12655.155,94.189961,954.77399,11.1,89.858901,27.7,175.891410531917,75.478798,69.444225,144.61984,193.37641,81.48,184.75642,732280,2005.91666666667,7.461921,140.98377,202.58711
2006M01,2932.7476,64.785586,114.25032,23806.765,7.4468314,2.0273331,3.1,12497.1,92.859565,955.38596,10.2,91.325818,27.22,181.400854946288,84.16941,69.916036,144.45955,192.19936,83.08,185.01605,732311,2006,7.2034192,139.30726,202.75756
2006M02,3209.2502,65.630199,113.99487,23557.368,7.6524848,2.7477257,3.1,12695.892,93.390938,959.46234,10.7,92.091191,26.94,189.049892096964,78.314373,71.952195,143.82336,196.13074,85.42,186.6967,732342,2006.08333333333,7.2103234,140.87895,203.16511
2006M03,3595.4865,66.09874,113.69743,23684.356,7.8368348,2.9014617,3.3,13461.07,95.562907,969.16149,10.2,94.241471,26.94,198.676587180307,79.127117,73.12127,147.57553,203.92452,86.82,189.83652,732370,2006.16666666667,7.3667534,142.80656,203.13873
2006M04,3824.9009,66.38034,113.56374,23712.165,7.9982047,2.4698927,3.3,12877.575,95.071188,969.16863,10.7,96.377311,26.82,218.520764136768,88.021781,72.945368,149.69157,203.73962,86.78,192.22727,732401,2006.25,7.4749657,143.83274,203.38938
2006M05,4001.3786,66.714436,113.37521,27074.788,8.1337045,3.5996083,2.4,14679.107,97.423811,976.02193,10.9,100.0267,26.72,239.270577740749,86.224966,73.918633,155.13558,209.54901,86.55,194.50303,732431,2006.33333333333,7.7665842,148.4333,203.38616
2006M06,4199.8244,67.034042,113.11361,25609.809,8.2517412,3.1837855,2.8,15721.863,96.60053,1001.5776,10.4,103.03045,26.79,243.174226942848,85.476623,74.317626,156.65282,210.56446,87.81,197.5722,732462,2006.41666666667,7.5263601,151.72064,203.34674
2006M07,4206.7867,67.598737,112.78378,25141.468,8.3100167,2.5826598,2,14462.303,96.761479,1009.1886,10.1,106.31751,26.77,257.859014422524,89.974886,75.33572,155.81715,210.90321,88.28,199.76902,732492,2006.5,7.2857931,151.88722,203.05909
2006M08,4320.4598,68.180178,112.4732,27403.698,8.4018153,3.5171367,2.3,15435.173,98.896623,1023.3606,10.3,108.97228,26.3,252.184118778369,88.27826,76.543222,157.81242,218.56767,88.17,201.54499,732523,2006.58333333333,6.971855,154.74555,202.23211
2006M09,4466.9111,68.512267,112.23117,25318.713,8.4667273,3.528792,3.5,15927.25,99.125121,1035.2574,10.5,112.52634,26.37,258.705025307995,75.419156,77.600073,156.47492,222.58395,88.59,203.58963,732554,2006.66666666667,6.9482016,156.98876,212.63281
2006M10,4549.5478,68.781764,112.24091,23328.779,8.6254823,2.4548322,4.1,16410.998,100.13377,1059.946,10,115.33557,26.55,264.956683413679,71.963055,76.174442,158.9388,226.40085,88.74,206.96137,732584,2006.75,6.8667471,157.99419,211.82403
2006M11,4615.9824,69.201576,112.32194,23579.902,8.6337275,2.8266876,6.2,16705.227,100.09643,1085.0481,10.6,118.92987,26.15,280.969254999941,75.135783,75.210188,159.93922,228.03805,88.48,208.89695,732615,2006.83333333333,6.7003013,159.75857,214.04789
2006M12,4715.7811,69.687428,112.10431,25091.697,8.6108209,2.6660935,5,18036.059,100.02865,1102.9065,10.5,122.59124,26.02,295.567569937126,82.87945,76.743962,164.32533,228.8357,88.25,211.83532,732645,2006.91666666667,6.6876744,161.81546,213.92807
2007M01,4773.942,70.118573,115.70679,24691.486,8.4934388,2.2699494,3.3,17774.662,101.42888,1103.2126,10,125.63746,25.74,295.560718543478,71.906172,78.358891,162.72288,240.02127,90.11,213.48045,732676,2007,6.6127833,166.52892,213.43308
2007M02,4882.6984,70.642678,115.57716,25199.846,8.3807005,2.5516669,3.8,17672.373,100.40915,1106.9212,9.9,129.06912,25.9,305.869405237409,75.494506,77.977894,163.30574,237.99649,90.89,215.6784,732707,2007.08333333333,6.5346795,169.02197,213.17469
2007M03,4830.5147,71.011158,115.38309,25144.485,8.2592544,2.5353423,4.8,18477.408,102.46204,1118.4141,10,134.17026,25.82,330.334415185607,78.988041,77.55788,164.39511,239.83543,88.44,219.29001,732735,2007.16666666667,6.3934534,170.41313,214.02307
2007M04,4919.2593,71.444718,115.37236,27061.344,7.9439846,2.4334731,3.3,18756.752,101.90829,1136.5769,9.8,140.01926,25.55,360.410418484164,84.216943,80.154398,165.14794,243.46449,91.28,223.0495,732766,2007.25,6.277624,172.2405,213.89853
2007M05,4957.6366,71.936997,115.01769,29006.166,7.8505282,2.8471529,3.3,19782.583,103.48755,1183.6385,9.5,148.01959,25.62,394.749161824509,82.893965,84.019802,169.63804,248.27927,91.46,225.86748,732796,2007.33333333333,6.1276555,175.04239,213.98154
2007M06,5026.7966,72.710098,114.78231,26686.87,7.7930499,3.286041,3.4,20201.483,103.65887,1215.3679,9.5,146.17948,24.94,397.398215763105,88.520082,85.847233,170.49603,254.12792,91.84,229.14871,732827,2007.41666666667,6.0797713,176.41197,214.1955
2007M07,5006.1124,73.494311,114.86143,28694.066,7.7394128,3.1212676,3.5,20537.226,105.15638,1235.3675,9.2,147.90731,24.67,407.494972236465,93.982804,86.07607,173.08536,257.01993,92.37,231.0268,732857,2007.5,6.0277587,177.0838,212.92978
2007M08,5105.0133,74.032012,114.76589,29829.899,7.8204895,2.7214196,5.2,21466.959,105.35768,1262.9874,9.9,150.07463,24.4,407.110762897422,84.90575,87.320721,173.79944,256.38176,92.4,234.86832,732888,2007.58333333333,6.015671,178.0094,214.6896
2007M09,5127.1716,74.885884,114.43901,27600.514,7.9741436,2.1194847,6.2,20622.965,103.96658,1256.3053,10.4,152.27146,24.53,415.263656101128,92.675965,86.900813,176.82333,255.96234,92.39,236.69518,732919,2007.66666666667,5.9164955,179.94761,215.3749
2007M10,5101.0571,76.166505,114.39422,33405.728,8.2545088,8.3411833,5.7,22864.828,106.01924,1286.4712,10.6,152.47699,24.43,436.007046852248,102.36563,87.765891,178.00154,283.15734,92.89,239.28055,732949,2007.75,5.7561538,183.23209,213.78075
2007M11,5231.3539,77.092937,114.26794,34039.507,8.5899066,-5.4415288,6.3,23227.546,105.97796,1306.9188,10.8,161.99314,24,452.162374991323,118.88598,91.687026,182.55474,287.46826,93.51,243.78799,732980,2007.83333333333,5.7157666,187.98248,214.6021
2007M12,5089.3415,77.929702,114.26146,33425.291,8.9880353,2.7047059,4.4,23190.147,105.34856,1343.3161,10.8,162.77542,23.49,466.750420317849,121.64847,96.068516,184.08963,289.66664,94.06,248.44226,733010,2007.91666666667,5.9136705,190.31725,228.32354
2008M01,5121.4262,78.949988,115.93937,39286.37,9.7491105,2.8510221,2.8,24126.02,107.98844,1362.8089,10.4,165.71143,23.66,475.071981968964,121.73925,97.930359,178.60298,291.70975,95.22,249.10667,733041,2008,6.1211921,190.74486,229.74449
2008M02,5121.429,79.664632,116.00576,38542.761,10.260013,2.0128545,4.3,26129.936,108.27942,1367.2913,11,166.67514,23.74,481.0107949051,123.93556,98.154193,178.13825,294.31815,95.5,255.93341,733072,2008.08333333333,6.4136945,195.9049,230.53533
2008M03,5240.8667,80.531456,115.76596,38191.51,10.83426,2.134129,4.3,25534.205,106.42745,1368.1711,11.3,167.45216,23.4,498.889532345746,131.28218,98.277142,174.60356,293.22909,96.56,256.77709,733101,2008.16666666667,6.0852262,195.00605,230.3334
2008M04,5237.176,81.735093,115.48948,40624.08,11.28212,9.4157844,4.2,27963.402,107.54732,1345.5939,11.2,165.15087,23.42,519.757600868374,137.98686,101.67891,177.99338,297.01232,97.98,258.77883,733132,2008.25,5.8684403,198.93338,230.74393
2008M05,5333.0563,82.863904,115.1305,42958.535,11.92107,1.8615862,3.7,27561.885,107.84297,1353.9306,11,165.47212,24.57,533.109273194617,152.2469,104.75922,176.75164,297.69658,98.47,261.13079,733162,2008.33333333333,5.6206936,198.27522,230.92325
2008M06,5429.4216,83.755824,114.69887,43833.457,12.56314,0.96941622,3.7,27681.57,106.51328,1339.5874,11.3,166.50932,25.37,555.181626275376,165.11993,109.55091,179.59727,292.21582,99.05,262.5875,733193,2008.41666666667,5.8838903,198.08701,232.15341
2008M07,5504.1595,84.339441,114.5327,45923.018,13.647419,10.320536,4.4,30167.661,106.91203,1362.0499,11.4,168.19055,26.98,582.679002541125,162.99436,114.82158,182.97259,289.95279,99.44,265.37455,733223,2008.5,6.0351343,202.31964,232.97922
2008M08,5363.6747,85.093944,114.16614,44229.987,14.323259,1.4632409,5.8,28893.567,106.68214,1380.4305,11.8,168.6164,27.62,569.122686672087,136.52423,114.64543,186.4851,288.08504,99.06,267.04743,733254,2008.58333333333,6.2392838,202.25415,253.74622
2008M09,5369.0172,86.067877,113.70248,42850.048,14.953178,2.5605923,7.1,29457.78,106.70742,1416.0278,12.7,165.79133,29.36,542.839281210989,119.0258,109.08881,180.35606,288.18264,98.31,268.69211,733285,2008.66666666667,6.5724669,203.54079,245.35421
2008M10,5368.4098,86.92,113.05553,37233.202,15.547347,2.399914,7.6,27287.522,104.26057,1397.3025,14.1,159.17364,35.37,472.0053950669,89.793771,103.04557,175.68395,285.87236,100.28,267.1045,733315,2008.75,6.7946512,202.65402,240.35926
2008M11,5252.5071,87.623762,111.79846,28387.9,16.139463,-4.4721684,9.5,21574.519,91.852337,1278.1239,15,153.22713,35.72,442.391531992347,68.405803,95.726391,173.10073,278.87483,101.83,263.15534,733346,2008.83333333333,7.0273034,199.03935,240.11592
2008M12,5411.5404,88.225897,110.22565,26278.316,16.085391,-4.48738,8.3,21728.6,90.163599,1085.1177,15.5,145.74894,33.86,411.749600260499,55.314338,89.396972,168.77479,255.16731,97.73,259.95857,733376,2008.91666666667,7.5690398,195.60702,237.57711
2009M01,5030.2509,89.55146,108.17085,21885.417,15.770484,1.7455941,16.3,16201.934,89.940746,1025.5942,17.1,136.17455,32.94,371.437617617237,59.419075,86.691541,171.7926,251.09334,88.75,258.03286,733407,2009,8.0589284,198.14025,236.08615
2009M02,5045.9339,90.786533,107.03582,19129.676,14.964737,-2.9347003,9.3,16466.036,90.789926,1025.027,16.6,134.04844,30.92,368.157108411821,56.520618,90.689721,178.76141,249.59015,84.09,253.74852,733438,2009.08333333333,8.4951835,195.55508,235.70145
2009M03,5131.0864,91.843745,105.87059,20805.008,11.184244,-2.8907543,8.7,15640.724,90.891048,1007.1843,16.1,133.80851,31.05,368.06495816564,59.538607,92.598663,183.2091,243.61273,87.87,251.62869,733466,2009.16666666667,8.5932416,194.05049,235.74644
2009M04,4952.5267,92.533419,104.69605,18881.141,8.433852,-3.1756209,8.6,15671.209,91.853597,1032.4207,16,134.76803,31.22,368.347953431772,63.525204,93.917438,184.4263,239.47236,89.94,249.50472,733497,2009.25,8.5705908,193.11573,236.08676
2009M05,4948.7602,93.094792,104.115,21398.36,9.024119,-3.0144267,7.1,14928.455,91.618377,1048.2039,15.9,137.24119,31.82,387.280338524615,71.17367,94.143812,186.19646,233.9819,92.05,248.86203,733527,2009.33333333333,8.8295855,192.87093,236.09377
2009M06,4833.3678,93.744636,103.36809,24017.068,8.4605228,-3.4204931,6.8,16100.475,92.890413,1028.8721,15.6,137.92403,30.02,395.890314142226,85.128214,95.908787,182.64925,231.21476,93.76,248.17541,733558,2009.41666666667,8.7118432,194.06653,236.53461
2009M07,5082.6744,94.473211,102.35935,25816.581,6.6058089,-2.0981701,6.5,16065.241,94.321654,1022.4206,14.9,138.67512,29.04,384.875421634386,79.024148,97.12515,180.01968,237.26178,92.49,247.32617,733588,2009.5,8.5587399,193.93053,239.63581
2009M08,4965.8514,94.947456,101.87966,26376.212,6.3478876,-1.5167045,6.6,15745.248,93.19804,1013.2599,15.2,140.02801,29.12,391.875533691575,86.946445,97.869057,178.82866,234.27397,90.89,246.22357,733619,2009.58333333333,8.4859939,194.64273,238.70301
2009M09,4949.0788,95.180242,101.66459,28530.455,6.2344524,-2.8402901,7.2,17988.193,95.041757,1019.1903,14.7,143.33855,30.2,394.516296693661,81.332952,99.131566,183.46693,236.2652,92.41,247.25003,733650,2009.66666666667,8.0667684,197.08127,268.02253
2009M10,4927.6008,95.280291,101.14451,29257.903,6.3024921,-1.5641566,5.8,18608.91,95.641782,999.38296,14.1,147.77477,30.39,414.024038812328,90.230975,99.344339,187.53174,238.716,95.13,248.87093,733680,2009.75,7.9217733,197.82216,235.24349
2009M11,4895.215,95.553809,100.77101,29400.689,6.479285,-1.5883397,5.3,18828.1,95.034946,980.2285,13.8,151.78614,30,424.690157401522,98.975252,100.14516,186.28399,239.78205,96.35,250.26863,733711,2009.83333333333,8.2286385,199.65034,234.06882
2009M12,4753.73,95.928599,100.45682,29814.396,6.5823792,-1.5880806,5.1,19397.711,96.471701,891.69907,13.7,155.60905,29.49,416.648888637787,99.328348,101.62929,188.7197,238.62534,94.19,252.97365,733741,2009.91666666667,7.9712721,197.23553,245.9357
2010M01,4967.006,96.764549,100.56587,31291.391,7.3975787,-0.65977741,4,17816.691,97.356714,983.49681,13.9,159.25332,29.14,413.508877512135,101.16053,100.99713,194.44532,246.64347,96.66,259.10521,733772,2010,8.3511293,201.10245,232.96926
2010M02,4929.2782,97.333109,100.14677,33047.2,7.6559,-1.187191,3.8,19140.995,97.427773,1029.2853,12.7,162.0258,30.48,413.332645171943,97.121003,102.4944,193.89681,244.63685,98.35,258.17444,733803,2010.08333333333,7.7222403,202.17178,232.5319
2010M03,4713.9146,97.855948,100.102,31973.863,7.757402,-1.7690785,3.6,20230.279,99.519276,1060.0485,11.8,165.3074,31.24,423.317926720857,100.76162,103.53327,195.72714,250.85733,100.94,261.18655,733831,2010.16666666667,7.9525355,204.86341,232.61067
2010M04,5045.6302,98.188707,100.00576,32768.096,8.0681408,-0.92573902,3.3,20967.564,98.756082,1099.6725,11.4,167.90191,30.21,435.560292831432,106.10051,105.79886,193.70059,251.61125,102.68,262.74323,733862,2010.25,7.8771226,203.84979,232.19834
2010M05,4917.8356,98.677435,100.19724,31457.122,7.9667758,-1.4430157,2.8,21593.143,98.954871,1123.1876,11.3,170.12992,30.85,428.98884495651,93.673615,108.40217,195.02853,252.79889,102.57,264.08482,733892,2010.33333333333,7.4836198,203.29253,232.4886
2010M06,4854.024,99.166086,100.11945,32149.187,8.2204075,-0.62591077,2.6,21513.822,99.488311,1114.3694,11.4,171.49987,30.54,432.990703894774,92.883758,104.9313,192.18734,258.03712,101.96,265.64073,733923,2010.41666666667,7.035192,206.37341,230.92641
2010M07,4642.4918,99.680175,99.947623,30317.024,8.3148322,-1.6348287,2.6,22268.839,99.160709,1134.3909,10.5,173.31616,30.81,448.037306768742,90.98248,105.08999,194.04754,252.7426,101.38,267.21706,733953,2010.5,7.1736352,206.83901,228.20432
2010M08,4824.4921,100.69486,99.897007,30762.374,8.5648836,-1.7549886,2.6,24912.098,99.811799,1148.0933,10,175.17096,31.36,447.068424023639,91.974352,107.77534,191.11679,257.89704,101.66,267.07487,733984,2010.58333333333,7.186577,206.76808,200.40944
2010M09,4698.1948,101.7778,99.892942,33573.826,8.586675,-0.82577234,2.6,25032.496,101.03796,1159.8462,9.7,176.94601,30.5,458.314558239621,93.474684,106.46525,192.4351,259.87194,99.59,266.40961,734015,2010.66666666667,6.8899024,205.46359,202.08464
2010M10,4831.738,102.37326,99.769385,33552.03,8.5759182,-1.9858437,2.7,24804.929,102.2097,1177.1165,8.9,180.2427,29.81,463.760064159349,102.22172,109.95385,193.75834,259.20209,97.64,268.18764,734045,2010.75,6.8692509,204.89725,205.73807
2010M11,4867.5917,103.19034,99.794917,33372.424,8.7064536,-0.8854173,3.2,25228.773,102.10654,1197.4132,9.1,182.23754,28.9,448.775610954255,110.06471,116.25111,193.82865,264.41786,96.86,270.56628,734076,2010.83333333333,6.6153127,205.86214,203.95778
2010M12,4891.1368,104.2427,99.684848,37621.44,8.8582541,-1.5895351,3,25838.21,102.94082,1215.7001,9.1,183.47569,28.45,443.585838959012,122.10775,118.44757,194.69073,267.3699,99.71,270.93911,734106,2010.91666666667,6.8117282,207.62015,237.82212
2011M01,4877.1557,106.04063,101.10052,34322.872,9.0056695,0.65118916,2.7,25717.842,103.42419,1259.5101,8.6,183.29358,27.41,450.757642890731,127.55234,121.51209,194.86657,263.30179,103.74,272.06786,734137,2011,7.0581403,204.52128,237.31462
2011M02,5011.3673,106.64608,101.44646,43509.423,9.1625962,1.0098966,2.8,27001.802,102.70053,1272.5247,8.7,184.70643,27.97,458.041879792168,135.85091,124.95414,192.4766,269.20715,105.25,274.56639,734168,2011.08333333333,6.7560907,204.02935,237.13662
2011M03,5150.2956,107.1732,101.4205,41150.113,9.3776227,1.2731652,3.1,29029.767,103.74763,1299.1419,8.7,185.70647,27.87,465.447784560369,145.45194,125.52604,190.01674,272.4226,107.22,275.68167,734196,2011.16666666667,6.5726863,208.74075,236.8426
2011M04,5040.6153,107.68145,101.39909,45903.908,9.712923,1.5463096,3.3,29491.603,104.40645,1332.8083,8.4,186.76115,27.69,483.217161532788,153.84315,126.89959,190.43773,276.99285,106.6,278.20583,734227,2011.25,6.9098212,206.83213,236.88335
2011M05,5066.2398,108.18871,100.74345,44534.706,10.036129,0.7004071,3.8,31061.609,104.84136,1338.3861,8,187.14452,28.93,480.136417126654,140.61371,128.0914,189.48968,278.21094,107.84,280.0073,734257,2011.33333333333,6.4509568,208.74639,236.90558
2011M06,5206.1674,108.51468,100.55738,44480.373,10.350126,1.6575673,3.7,30246.254,105.78883,1362.8017,8.6,189.00896,32.1,484.004475343899,141.1937,125.22663,191.4892,282.22714,108.65,281.37561,734288,2011.41666666667,6.288706,210.42986,237.99553
2011M07,5209.9769,108.64127,100.48655,40884.105,10.817348,1.0544974,3.9,28400.228,104.82913,1366.1027,7.9,191.78011,30.13,490.248467013291,141.78037,122.3912,193.48604,284.89283,108.82,284.05465,734318,2011.5,6.7365005,212.38729,264.28715
2011M08,5174.3328,108.8502,100.36813,43146.262,11.1285,1.0473937,4,30771.571,105.39587,1360.7427,7.9,194.25431,31.39,496.362082486188,132.01673,125.44109,191.45007,288.97139,104.86,287.72955,734349,2011.58333333333,6.4274248,215.56528,262.88159
2011M09,5377.7352,109.05783,100.09371,42914.808,11.426856,0.79516871,4.5,29053.994,105.71842,1374.0476,8,197.4082,32.17,472.48819201534,133.24179,126.03453,193.73021,292.61819,100.61,289.81059,734380,2011.66666666667,6.3427403,217.50764,280.13342
2011M10,5251.1996,109.65676,100.12921,43889.673,11.827285,0.95888979,4.9,28933.227,105.46144,1389.1979,8.6,199.67857,30.26,476.95655992703,134.9537,128.43988,192.34699,292.02633,99.33,291.64869,734410,2011.75,6.3273217,217.43387,284.05319
2011M11,5275.2096,110.1123,100.03995,44901.792,12.051566,0.15525647,5,30550.558,105.81367,1407.0052,8.8,204.05554,29.04,462.683343389604,141.96624,131.28471,194.10071,295.1398,102.84,292.28607,734441,2011.83333333333,6.19713,220.03237,281.01336
2011M12,5322.4688,110.53617,99.856486,44473.863,12.220999,-3.2775737,5.4,28986.296,106.67308,1439.7242,9.3,209.65251,29.34,453.948219572556,143.61935,132.62503,197.27135,299.59823,102.52,294.44077,734471,2011.91666666667,5.8436637,228.05944,248.45688
2012M01,5253.6469,110.46666,100.04355,45814.327,12.226362,0.599115,4.8,29835.934,107.66779,1511.8952,8.8,214.18532,29.4,456.544793398295,147.03203,132.73619,198.88342,297.39839,103.84,294.47649,734502,2012,5.871748,225.21182,247.79457
2012M02,5293.697,110.69678,99.77531,49278.667,12.30251,0.064316599,4.4,30499.985,109.61191,1551.2246,8.9,216.55636,32.94,463.808657798264,156.41994,133.50699,196.979,301.22056,107.03,298.01341,734533,2012.08333333333,5.6936849,228.8107,248.60349
2012M03,5333.1548,111.21961,99.675456,45217.486,12.503414,0.40276471,5.1,30781.522,107.75246,1556.4422,9.2,217.69899,32.85,465.660727911017,158.7799,135.02656,195.85842,298.81227,109.67,297.69856,734562,2012.16666666667,5.9385471,227.56501,249.26507
2012M04,5242.5364,111.59744,99.582033,44999.336,12.514713,-0.19342459,5.3,29284.308,107.1422,1562.1615,9,217.93235,32.21,476.453861627381,150.6465,134.84211,196.08748,299.63115,109.29,299.09015,734593,2012.25,5.4564002,227.42767,249.68534
2012M05,5449.3541,112.15221,99.493404,45984.385,12.608473,1.0922974,5.8,31397.461,108.40296,1549.3534,8.9,217.76996,32.51,465.126251354637,135.78185,131.69945,199.73122,305.3339,106.96,301.72278,734623,2012.33333333333,5.4183909,233.0171,249.9654
2012M06,5516.6962,113.19811,99.252666,41581.885,12.601398,0.013695255,5.8,29723.937,107.48479,1533.7642,9.3,216.58531,30.92,467.989598926827,118.64747,130.76245,203.27128,303.19171,102.22,303.03134,734654,2012.41666666667,5.4371846,231.06045,249.46292
2012M07,5623.925,114.71345,99.110854,40607.473,11.340193,0.090462359,5.6,30944.725,108.4092,1543.2174,9.5,214.93887,31.3,461.861712696979,125.56683,128.66892,200.41456,303.70336,105.03,302.38212,734684,2012.5,5.4579966,230.05259,249.66148
2012M08,5511.4467,115.26997,98.965262,40467.851,11.389185,0.091894889,5.3,31468.396,109.60915,1523.4891,9.1,214.05767,30.82,464.856554522417,135.92275,134.1832,202.08933,304.67819,105.86,303.25362,734715,2012.58333333333,5.344476,230.12738,250.48336
2012M09,5355.9541,116.17404,98.964631,42808.436,11.430243,-0.26212611,5.5,29650.117,107.91183,1509.8822,8.9,214.16195,30.32,476.378604740394,136.24663,140.58226,203.2492,302.56545,105.55,305.39065,734746,2012.66666666667,5.2700874,229.38436,251.87955
2012M10,5497.3864,116.77324,98.975163,45142.847,11.575072,-0.1526235,6.1,32079.602,108.62089,1522.0042,9.1,216.19527,30.03,475.257484657375,138.03909,139.67613,202.4058,308.10566,106.92,305.89372,734776,2012.75,5.1874532,233.39024,250.58208
2012M11,5587.9397,117.14449,98.749895,43780.62,11.614908,-0.0070109691,6.1,31531.185,108.54131,1544.4611,9.1,218.29971,30.52,476.240034052395,140.94327,139.82616,206.7391,301.52769,106.89,306.49799,734807,2012.83333333333,5.1885536,235.62323,251.81729
2012M12,5678.6222,117.70047,98.501147,42664.892,11.625861,0.54984079,6.2,30921.083,109.14593,1607.2348,9.4,221.20855,31.04,486.576821774557,145.8389,139.41559,206.22309,302.76578,108.1,307.54205,734837,2012.91666666667,4.9676201,239.37549,254.00186
2013M01,5388.8411,118.28429,98.026894,45047.454,11.395044,-0.067105358,5.4,33157.91,108.28398,1699.3377,8.8,225.68662,31.01,480.193317999606,149.60627,139.33231,206.88105,310.17062,110.73,308.24662,734868,2013,5.6148518,238.80511,251.40163
2013M02,5334.6656,118.77541,97.902549,45961.83,11.406752,0.36568519,5.7,32547.026,107.3884,1790.1326,9.6,229.15232,31.82,475.649059390348,152.173,139.78735,210.67778,305.72974,111.56,307.98434,734899,2013.08333333333,5.3536193,238.59811,251.54788
2013M03,5417.257,119.08879,97.78868,43087.506,11.376775,-0.80485064,6,30775.097,108.21693,1755.7045,10,232.12114,32.71,477.255026682155,138.84464,138.9851,213.66315,307.52616,111.52,310.19964,734927,2013.16666666667,5.3875585,241.47983,251.71175
2013M04,5667.2743,119.69318,97.789175,44567.437,11.59071,-0.44423229,6.2,32397.637,108.46326,1832.2949,10.2,232.87152,33.01,486.349017169309,128.51945,136.33548,211.29119,305.63511,109.99,312.21561,734958,2013.25,5.4567924,245.70564,251.55258
2013M05,5551.1992,120.44072,97.833962,41440.727,11.417293,-1.0821336,6.4,29619.91,107.98902,1779.5034,9.9,233.46435,33.23,473.392062680325,126.57585,135.1504,204.94213,304.64276,111.08,312.78442,734988,2013.33333333333,5.4222716,244.68482,251.92771
2013M06,5559.0501,121.05154,97.625814,42627.926,11.314795,-0.87671085,6.3,30953.251,109.47836,1730.0667,9.5,233.83829,32.47,475.233185071132,127.9806,135.82113,208.8494,303.56243,107.14,314.95445,735019,2013.41666666667,5.6366375,244.45699,252.83794
2013M07,5625.969,122.11407,97.503902,43126.945,11.015817,-0.7749991,6.1,31035.419,109.10804,1641.7242,9.2,234.94321,32.06,470.215298938486,131.13363,137.84523,206.89589,304.96865,107.1,315.56179,735049,2013.5,5.5550869,245.58185,252.69303
2013M08,5954.3067,122.783,97.165395,41857.864,10.980573,-0.71284759,6.1,30046.002,109.5335,1648.229,9.3,234.73034,33.16,464.200817724833,133.07019,140.57872,208.73765,303.00377,105.4,315.80325,735080,2013.58333333333,5.5526046,247.64508,254.00324
2013M09,6135.2936,123.29818,96.944563,44680.199,10.92148,-0.33198499,6.3,30801.756,108.91413,1643.3651,9.5,234.7692,32.68,479.449431982873,134.12598,142.54384,207.36335,302.45026,106.38,316.01723,735111,2013.66666666667,5.5765666,245.3479,253.01224
2013M10,6117.2077,124.07475,96.798081,42157.405,10.963692,-0.22168094,6.1,30437.654,109.10569,1642.2945,9.2,235.50253,35.13,480.283397726142,134.96046,142.28962,210.4566,301.23967,107.31,316.58647,735141,2013.75,5.5842813,247.06483,317.37663
2013M11,6195.2375,124.73346,96.669285,45261.337,10.962807,-0.88917428,6.2,30958.598,111.0564,1673.6266,9,237.37898,36.13,474.948677865097,138.83812,142.02504,212.02297,308.69086,106.74,318.27058,735172,2013.83333333333,5.3880888,247.38639,280.39232
2013M12,6078.0292,125.27663,97.091424,43835.977,10.984048,-0.8213141,6.4,31489.127,108.64807,1692.926,9.4,238.48235,35.52,469.60270799302,147.16219,144.59161,213.43401,300.79092,105.68,315.90479,735202,2013.91666666667,5.4558667,248.64466,270.02859
2014M01,6311.0336,125.48941,96.561587,45931.895,10.888281,4.3033035,6.1,31870.538,108.88509,1689.0467,9.2,239.69257,35.69,457.207139684735,142.52253,145.76218,206.67522,297.83877,104.1,315.41572,735233,2014,5.254115,253.40218,269.7079
2014M02,6370.4182,126.19824,96.516387,39987.8,10.841366,-1.4384887,6,29592.419,110.23429,1715.5139,9.4,240.28893,34.73,448.737174295445,142.18818,144.52374,207.248,299.94813,100.72,319.83509,735264,2014.08333333333,5.1774031,251.64215,267.42103
2014M03,6544.3969,127.32543,96.310951,45551.321,10.739611,-0.70383385,7.9,29631.934,110.13481,1774.5309,10.3,236.89816,33.9,442.773463027765,136.5191,146.04835,205.59957,297.87114,98.99,322.03217,735292,2014.16666666667,5.1031072,253.90473,265.64025
2014M04,6653.6346,128.5053,96.136532,47678.549,10.724595,0.17334322,7.9,30044.532,110.91033,1851.9221,10.5,235.2884,35.48,427.970804730566,134.76763,146.06499,210.29449,300.078,101.54,322.15494,735323,2014.25,5.1564321,254.78662,265.65174
2014M05,6829.2515,129.5926,95.840163,44543.787,10.66248,-0.3615052,8.2,29244.741,110.92814,1895.243,10.6,233.03887,36.88,423.769698368933,134.74296,146.85234,211.36432,298.66967,104.87,322.02076,735353,2014.33333333333,5.1064582,251.45003,264.72589
2014M06,6937.3052,130.5041,95.808989,41465.348,10.572395,-0.57771062,8.2,29035.057,110.11674,1928.3119,10.7,232.20754,39.42,431.956031175379,138.84524,148.20684,208.58621,299.30287,106.59,321.37977,735384,2014.41666666667,5.1113749,251.34092,263.93411
2014M07,7080.0541,131.22797,95.552979,45591.849,9.3281381,-0.58344207,8.2,29503.174,110.73286,1973.7517,10.7,232.55945,42.18,422.650716083337,130.23515,149.81204,210.80674,298.28343,106.66,322.60514,735414,2014.5,5.1344502,250.073,265.81875
2014M08,7026.7835,132.065,95.353321,40797.517,10.45519,-0.87002966,7.9,26767.762,109.88688,1945.7868,10.6,232.60627,49.4,419.237809800352,122.22177,148.673,212.73722,296.84191,104.14,323.27358,735445,2014.58333333333,5.1262639,246.55427,263.03043
2014M09,7128.2061,133.1899,95.412999,37974.186,10.346428,-0.9654397,8,27572.983,111.65975,1913.8497,10.6,231.87608,56.58,409.222831350957,116.9557,147.58219,210.05021,295.77144,101.69,323.0838,735476,2014.66666666667,5.1570919,249.62044,287.61574
2014M10,7313.4146,134.3543,95.201413,40294.18,10.439292,-1.4601904,8.2,26438.827,111.89134,1882.9039,10.8,230.54951,69.62,383.281420334339,107.5784,149.55276,210.13403,295.84085,96.14,323.25594,735506,2014.75,5.1797344,248.46522,284.0339
2014M11,7347.0972,135.98551,95.246658,35547.481,10.257964,-0.96797629,10.2,24154.776,110.50319,1813.1819,12,229.49256,61.19,373.657241548198,100.76122,150.85474,204.98172,290.10115,87.86,323.4842,735537,2014.83333333333,5.1938471,245.18478,283.37688
2014M12,7605.8696,139.45484,95.040657,33974.282,10.194678,-2.0767035,15.47,23845.737,112.64105,1682.7131,18.31,218.03067,57.86,339.369961911438,82.689834,153.12841,203.56483,293.5577,75.82,327.01925,735567,2014.91666666667,5.1711449,240.7926,283.06365
2015M01,7822.9858,144.27279,95.684901,31910.943,9.6664014,-2.1174663,17,19024.551,110.18714,1556.6699,19.9,217.183,51.31,327.146043932586,64.154916,155.68575,203.81174,289.89867,70.14,300.01329,735598,2015,5.172048,236.39384,279.76104
2015M02,8083.0556,147.2919,95.252218,32022.6,9.3900736,-1.695512,15.12,19154.988,109.38369,1399.6177,18.1,215.77096,52.65,313.431073416952,75.702093,158.29416,204.3318,288.73336,73.98,296.70452,735629,2015.08333333333,5.3644846,236.5797,278.82104
2015M03,8071.0012,148.93469,94.950568,31403.374,9.0509597,-1.4698262,14.9,18866.293,109.95113,1292.9837,17.9,214.76504,55.71,309.092428348927,70.917063,164.89522,203.0199,288.83517,81.9,295.36488,735657,2015.16666666667,5.5680151,231.96267,278.28422
2015M04,8139.806,149.61611,94.636417,31530.056,7.5178734,-2.8788472,14.36,17925.775,110.08619,1181.8353,17.17,215.02601,51.7029,307.716649518476,74.195949,168.02347,203.04315,286.34549,92.91,293.73389,NA,NA,5.6319736,233.81489,276.80817
2015M05,8321.7403,150.64984,94.375329,31881.858,8.5508839,-2.2327489,NA,18053.775,110.11532,1122.7033,NA,215.54846,52.9716,308.895013098389,NA,168.6132,202.98877,285.7456,NA,293.66713,NA,NA,5.6201845,233.4671,276.28
2015M06,8464.4031,151.61194,94.120192,32176.284,8.350297,-2.3354462,NA,17848.55,110.15096,1102.6701,NA,216.14064,NA,NA,NA,169.25174,202.82612,284.67514,NA,293.66835,NA,NA,5.5967568,233.16022,275.45655
2015M07,8609.5536,152.52233,93.870004,32469.58,8.1772145,-2.439288,NA,17495.027,110.18737,1082.8323,NA,216.79819,NA,NA,NA,169.90118,202.65718,283.60982,NA,293.66036,NA,NA,5.5733238,232.84138,274.63877
2015M08,8757.2462,153.39552,93.624539,32765.543,8.0279665,-2.5442738,NA,17416.176,110.22456,1063.1921,NA,217.55468,NA,NA,NA,170.55072,202.50839,282.54962,NA,293.64318,NA,NA,5.5498862,232.51063,273.82555
2015M09,8907.5369,154.24224,93.383593,33054.798,7.8994636,-2.6504042,NA,17143.946,110.26252,1043.7519,NA,218.37756,NA,NA,NA,171.19486,202.34618,281.49451,NA,293.61679,NA,NA,5.5264449,232.16803,273.01612
2015M10,9060.4829,155.07034,93.146985,33338.765,7.7890906,-2.7576782,NA,16930.503,110.30125,1024.5138,NA,219.23253,NA,NA,NA,171.83095,202.18001,280.44446,NA,293.58121,NA,NA,5.503001,231.81363,272.20991
