time,empl_manuf,industry_prod,cpi,ib_rate,real_income,unempl_rate,oil_price,ppi,construct,inv_index,real_wage,m2,rts,ex_rate
1992 Jan,189.43,,0.02,,,,23.2948108293,,,,,1,,
1992 Feb,189.60,,0.02,,,,23.2069058828,0.0189049829,,,,1.2,,
1992 Mar,190.02,,0.03,,,,22.089257277,0.0219017168,,,,1.3,,
1992 Apr,190.06,,0.03,,,,23.935261154,0.0256480631,,,,1.5,,
1992 May,189.51,,0.04,,,,25.1533725559,0.0299999315,,,,1.6,,
1992 Jun,188.46,,0.05,,,,26.7231037438,0.0372044436,,,,2,,
1992 Jul,188.02,,0.05,,,,25.5426658905,0.0435152531,,,,2.6,,
1992 Aug,186.62,,0.06,,,,24.8268684688,0.0470025801,,,,3.3,,
1992 Sep,185.26,,0.06,,,,25.504992342,0.0502874945,,,,4.4,,
1992 Oct,184.21,,0.08,,,,25.4422030945,0.0638611384,,,,5.5,,
1992 Nov,183.28,,0.10,,,,24.0482817996,0.0811228064,,,,5.9,,
1992 Dec,182.33,,0.12,,100,,22.7924968492,0.0973475392,,,,6.2,,
1993 Jan,176.47,,0.15,,73,,21.7878688889,0.1284984773,500,,100,7,,
1993 Feb,177.57,,0.19,,79.6,,23.2069058828,0.1674371498,500,,99.04,7.5,,
1993 Mar,174.82,,0.22,,85.9,,23.5459678194,0.1985889456,3200,,101.77,8.6,,
1993 Apr,175.69,,0.27,,85,,23.3952736254,0.2404480186,1200,,110.05,10.7,,
1993 May,174.21,,0.32,,83.3,,23.2445794313,0.2832805585,1300,,115.47,13,,
1993 Jun,173.50,,0.38,,98.3,,22.089257277,0.3280608897,4800,,120.65,15.3,,
1993 Jul,172.56,,0.46,,95.3,,21.0469557682,0.4195667703,1800,,116.38,17.9,,
1993 Aug,171.32,,0.58,,95.1,,20.9841665207,0.5285959112,1500,,107.85,20.5,,
1993 Sep,169.70,,0.72,,93.2,,20.0800013564,0.6395719858,4000,,108.93,21.1,,
1993 Oct,168.55,,0.86,,84.8,,20.7957987781,0.7612561954,2000,,103.39,23.8,,
1993 Nov,167.02,,1.00,,89.9,,18.9372370516,0.8751526704,2000,,99.35,26,,54.3
1993 Dec,165.53,,1.12,,116.9,,17.028443927,0.9686063423,19000,,119.75,31.6,,51.51
1994 Jan,162.07,,1.32,,78.3,6.40,17.8572619942,1.1526413158,500,100,97,32.9,,50.78
1994 Feb,161.07,,1.47,,87.7,6.80,17.2670430676,1.3269905088,500,101.9,94.09,35.3,,51.67
1994 Mar,158.96,,1.58,,96.5,7.10,17.4302951111,1.4625957227,3000,92.3,99.74,38.3,,51.5
1994 Apr,156.74,,1.71,,103.3,7.40,19.0251419981,1.6175724973,1000,106.7,95.75,45,,55.35
1994 May,154.21,,1.83,,95,7.40,20.419063293,1.7241195123,1300,129.2,95.84,50.6,,56.29
1994 Jun,152.66,,1.94,,105.5,7.40,21.0218400692,1.8694105065,4300,134.2,102.55,57.6,,56
1994 Jul,151.11,,2.04,,108.6,7.50,22.139488675,2.0147015008,1600,125.8,103.58,62.4,,54.85
1994 Aug,149.14,,2.13,,115.1,7.70,21.1223028652,2.1309342961,1600,129.6,104.61,68.8,,53.62
1994 Sep,147.40,,2.31,,114.8,7.70,19.9041914633,2.2859110708,3700,123.5,105.66,74.7,,52.94
1994 Oct,146.09,,2.65,,109.1,7.70,20.6325467346,2.5377482223,1700,121.6,96.15,77.9,,47.12
1994 Nov,145.95,,3.04,,103.6,7.80,21.7250796414,2.8573884096,1700,166.4,89.42,81.7,,49.85
1994 Dec,145.42,,3.54,,121.2,7.80,19.9418650119,3.2254592142,18300,229.1,96.57,94.8,,53.43
1995 Jan,144.63,94.311,4.17,822.700,82.4,7.90,20.7832409286,3.9189329581,400,63.7,69.53,90.9,,52.89
1995 Feb,144.97,93.275,4.63,233.000,80.8,8.10,21.5241540493,4.5801519298,600,88.2,66.75,98.7,,50.61
1995 Mar,144.52,99.493,5.04,243.800,88.9,8.00,21.3734598553,5.0736472865,3300,86.1,68.75,104,,47.26
1995 Apr,144.40,91.202,5.47,175.000,89.7,8.20,23.5334099699,5.8251791059,1200,88.8,67.38,119.4,,46.78
1995 May,143.73,92.239,5.90,87.500,90.6,8.30,23.0059802908,6.3412520312,1500,104.4,69.4,133.9,,49.84
1995 Jun,143.39,94.311,6.29,93.400,94.3,8.40,21.7878688889,6.7250818484,5000,115.4,72.87,151.7,,56.99
1995 Jul,142.87,92.239,6.63,209.000,91.4,8.50,19.9167493128,7.1766460869,1800,111.5,72.14,159.9,,61.7
1995 Aug,142.11,96.384,6.94,182.500,91.4,8.80,20.1804641524,7.6604650977,1800,115.5,71.85,168.4,,67.13
1995 Sep,141.26,95.348,7.24,91.400,92.4,8.90,20.9213772731,8.0959023789,3800,117.1,74.73,174.1,96.77,68.69
1995 Oct,140.31,98.457,7.59,39.600,86.8,9.20,20.2432533999,8.4668301157,1800,120.4,75.47,178.5,77.28,70.07
1995 Nov,139.56,94.311,7.93,38.700,87.7,9.10,21.1976499622,8.7087396211,1800,151.1,74.79,189.1,71.66,71.8
1995 Dec,138.43,95.348,8.18,68.600,97.3,9.00,22.5538977086,8.8700126247,18000,255.5,86.76,213.9,78.99,72.68
1996 Jan,135.43,96.384,8.52,36.500,81.8,9.10,22.5287820096,9.1555675488,400,83.5,73.75,210,84.58,73.85
1996 Feb,134.74,96.384,8.76,34.000,85,9.30,22.5664555581,9.4066839308,600,86.5,75.22,222.1,77.23,74.33
1996 Mar,135.00,102.810,9.01,97.000,88.4,9.20,25.1031411579,9.6510133836,3400,91.7,79.74,234.3,71.18,74.86
1996 Apr,136.12,98.768,9.20,44.000,90.2,9.50,26.3840418072,9.8817689778,1300,86.9,78.14,243.2,90.71,75.7
1996 May,131.92,93.793,9.35,35.600,83.9,9.60,24.0482817996,9.9835729165,1500,88.4,80.48,246.3,120.33,75.61
1996 Jun,131.44,93.275,9.46,89.300,90.6,9.60,22.9431910432,10.1532461475,4900,102,85.39,258.6,169.79,75.59
1996 Jul,130.57,93.275,9.53,56.300,89.7,9.70,24.6259428767,10.2754108739,1700,103.3,85.39,263.5,170.97,74.17
1996 Aug,129.63,95.348,9.50,37.000,90.6,9.70,25.0654676094,10.4858056804,1400,109.2,84.54,266.7,176.78,71.46
1996 Sep,128.16,95.348,9.53,47.100,87.9,9.80,27.7026160051,10.66905277,2500,117.7,86.23,267.4,171.95,70.87
1996 Oct,126.85,103.639,9.65,34.200,96.6,9.80,29.7369876247,10.9608907275,1300,109.2,84.51,270.1,177.3,71
1996 Nov,125.64,99.493,9.83,30.600,93.7,9.90,27.9788886942,11.0559077369,1600,118.1,81.97,273.5,188.14,71.15
1996 Dec,124.60,101.566,9.97,30.200,115.3,10.00,29.5360620327,11.144137817,13700,181.5,98.37,288.3,188.57,71.8
1997 Jan,123.05,99.493,10.20,21.100,89.5,10.10,29.4732727852,11.2663025434,400,68.2,76.73,289.9,257.24,74.04
1997 Feb,122.57,100.530,10.36,25.800,89.7,10.30,26.1580005162,11.4495496329,600,72.7,76.73,299.5,314.55,76.6
1997 Mar,121.95,105.712,10.51,32.400,92.2,10.50,24.1236288966,11.5988620763,3000,82.4,82.86,305.8,316.29,77.85
1997 Apr,121.17,101.566,10.61,28.200,99.5,10.70,21.9385630829,11.6938790857,1100,80.4,82.03,317.8,295.87,78.28
1997 May,120.51,97.421,10.71,14.800,91.7,10.90,24.0357239501,11.7481745196,1200,81.6,83.02,328.4,353.31,78.19
1997 Jun,119.85,98.457,10.82,16.100,100.7,10.90,22.039025879,11.843191529,3900,99.1,88.66,352,382.76,78.74
1997 Jul,119.43,100.530,10.93,14.300,96.5,10.90,23.1441166353,11.870339246,1500,101.2,88.4,363,485.47,80.14
1997 Aug,118.78,101.566,10.91,16.200,94.4,10.90,23.4706207224,11.92463468,1400,107.5,86.98,364.6,531.25,80.99
1997 Sep,117.75,102.602,10.88,15.600,92.6,11.00,23.1692323343,11.9449954677,3200,119,91.16,363,491.42,78.98
1997 Oct,117.04,107.784,10.90,18.200,94.7,11.10,25.1784882549,11.9517823969,1500,109.6,89.15,368.8,515.7,77.86
1997 Nov,117.04,105.712,10.96,20.500,93,11.20,23.859914057,11.9789301139,1900,117.6,87.91,357.4,374.86,78.14
1997 Dec,116.58,107.784,11.07,28.400,122,11.20,21.4739226513,11.9721431847,13000,188.2,106.01,374.1,368.37,80.11
1998 Jan,118.46,96.384,11.24,24.100,79.8,11.40,18.9497949011,12.0739471233,500,65.3,83.01,361.2,328.35,81.23
1998 Feb,118.37,97.421,11.34,30.300,82.8,11.60,17.6563364022,12.1418164157,600,69.6,82.51,362.9,303.94,81.39
1998 Mar,118.32,102.602,11.41,25.900,84.2,11.70,16.4256671508,12.1350294865,3100,76.3,88.29,360.4,337.91,81.3
1998 Apr,117.27,98.457,11.45,29.500,90.5,11.70,16.8149604854,12.1350294865,800,74.5,86.52,368,314.04,80.67
1998 May,116.39,91.202,11.51,47.600,82,11.50,18.0707454358,12.0332255478,1200,77.6,86.26,370,248.78,80.09
1998 Jun,115.77,92.239,11.52,56.100,83.9,11.30,15.1447665014,12.0332255478,3400,93,92.21,368.6,180.33,80.32
1998 Jul,114.97,87.057,11.54,58.800,85.7,11.30,15.1196508024,11.9314216092,1200,96.1,90.74,359.4,158.72,80.32
1998 Aug,113.93,86.020,11.97,45.300,83.2,11.60,14.9187252104,11.7888960951,1400,102.3,83.48,343.6,103.46,77.18
1998 Sep,112.84,83.947,16.56,139.700,68.3,11.90,16.7772869369,12.6644099674,3100,97.7,63.44,365.8,56.06,49.55
1998 Oct,112.03,92.239,17.31,84.900,77.4,12.30,15.7726589766,13.4041852549,1200,90.4,60.97,377.6,51.07,45.7
1998 Nov,111.41,92.239,18.29,36.700,72.8,12.80,13.713171658,14.0828781792,1900,96.7,59.81,396.9,63.47,47.14
1998 Dec,110.84,96.384,20.41,27.800,89.3,13.20,12.3066925136,14.7547841743,12300,142.5,67.89,448.3,61.16,43.37
1999 Jan,110.23,61.872,22.12,28.100,58.6,12.20,13.7508452065,15.77961049,700,60.6,49.22,444.2,57.29,42.78
1999 Feb,110.48,58.141,23.04,20.400,62.9,14.60,12.8090064938,16.6551243623,900,65.7,48.77,463.9,64.34,44.76
1999 Mar,110.71,65.707,23.68,20.700,65.5,14.10,15.2201135985,17.2998826404,2500,73,54.48,473.8,79.71,46.37
1999 Apr,110.86,61.769,24.41,15.200,70.2,13.40,19.0376998476,17.93106706,1000,71,54.48,509.6,78,45.75
1999 May,110.85,57.830,24.94,7.100,66.7,12.70,19.1130469446,18.5758253381,1100,77.5,55.13,542.4,96.46,47.14
1999 Jun,111.30,58.245,25.42,8.400,69.5,12.30,19.5902452258,19.2613051916,3400,96.3,59.38,567.7,114.64,48.68
1999 Jul,111.75,60.214,26.13,9.000,68.2,12.10,23.4957364214,19.8653418943,1200,98.8,57.54,583.2,133.55,50.37
1999 Aug,111.07,60.525,26.44,9.300,71.3,12.00,25.3291824489,20.8019381298,1300,105,56.45,590.8,107.12,49.6
1999 Sep,111.77,62.909,26.83,18.200,70.6,12.10,27.7654052527,22.037159252,3400,109.3,58.2,597.4,92.31,48.44
1999 Oct,111.91,63.738,27.20,16.100,72.3,12.40,27.7779631022,23.2520195865,1600,103.9,58.43,625.1,94.56,47.76
1999 Nov,112.07,64.982,27.53,13.200,73,12.60,30.8295205316,24.1546811759,2200,108.4,60.18,646.5,111.38,47.39
1999 Dec,112.30,80.838,27.88,11.800,99.3,12.40,31.9974005354,24.6840616568,12700,174.8,74.87,704.7,130.64,47.05
2000 Jan,112.24,69.006,28.52,11.800,60.2,12.20,31.6708964483,25.6817402555,900,65.4,60.57,695,188.92,45.29
2000 Feb,112.92,66.506,28.82,11.300,71.3,12.10,34.6973381787,26.6319103496,1100,76.2,60.2,726.6,179.22,45.72
2000 Mar,113.36,71.306,29.00,6.500,77.2,11.40,34.4964125866,27.3241771323,2100,84.5,65.56,751.4,216.38,46.6
2000 Apr,113.40,73.406,29.26,11.100,78.3,10.80,28.3053927813,27.7517536746,1200,82.7,65.69,787.9,217.04,47.3
2000 May,113.39,64.605,29.78,7.600,75.9,10.20,34.4085076401,28.2336256509,1400,94.6,66.41,831.6,203.33,49.94
2000 Jun,113.68,65.605,30.54,5.100,81,10.10,37.2716973269,28.8851708582,3100,115.5,70.67,892.2,187.43,50.53
2000 Jul,114.00,66.006,31.08,3.400,78.4,10.00,35.802428935,29.85570174,1300,115.5,69.82,931.2,186.07,52.69
2000 Aug,113.93,67.406,31.39,4.600,80.2,9.80,37.5354121665,30.3715083624,1400,128.4,68.77,960.1,224.24,54.49
2000 Sep,113.51,67.406,31.80,3.300,81.1,9.80,40.963705081,30.9416104189,3200,130.6,70.21,992.4,211.44,56.5
2000 Oct,113.55,71.606,32.47,5.200,79.8,9.80,38.8414285149,31.7764027157,1600,122.8,70.57,1001.2,194.09,58.01
2000 Nov,113.54,71.606,32.96,8.500,84,9.80,40.838126586,32.1700446118,2000,128.4,71.91,1036.4,175.32,58.82
2000 Dec,113.57,76.306,33.50,7.300,104.5,9.90,31.7462435453,32.4890302863,11000,198.2,85.42,1144.3,145.81,58.3
2001 Jan,113.12,69.306,34.42,5.400,67.2,10.00,32.1983261275,33.0985915493,1000,70.7,75.43,1079.3,163.1,57.89
2001 Feb,113.58,66.906,35.22,12.100,75.3,10.20,34.4210654896,33.4507042254,900,80.4,71.58,1109.7,170.69,59.17
2001 Mar,113.56,73.006,35.86,8.300,82.1,9.60,30.641152789,33.6854460094,2100,88.2,78.6,1149.5,173.06,60.77
2001 Apr,113.46,69.406,36.51,9.000,84.7,9.10,32.0853054819,33.9495305164,1200,88.7,76,1210,170.41,62.1
2001 May,112.94,69.106,37.15,6.900,79.1,8.60,35.727081838,34.3309859155,1300,105.6,78.06,1233.7,198.79,62.9
2001 Jun,112.94,68.406,37.77,13.200,88.9,8.60,34.8103588242,35.1819248826,3200,123.1,82.51,1294.3,216.34,64.31
2001 Jul,112.95,69.206,37.92,6.200,86.4,8.60,30.816962682,35.3873239437,1400,124.7,84.07,1330.2,203.11,64.01
2001 Aug,112.53,70.206,37.92,7.300,90.5,8.60,32.235999676,35.3579812207,1600,139.4,84.33,1365.5,197.61,62.94
2001 Sep,111.94,70.606,38.17,8.100,89.8,8.70,32.0727476324,35.2992957746,3600,143.1,84.41,1414.4,195.14,62.83
2001 Oct,111.67,76.406,38.57,7.300,89.9,8.80,25.7184757836,35.4460093897,2100,136.4,86.27,1441.2,189.77,63.39
2001 Nov,111.25,75.706,39.09,13.500,90.5,8.90,23.78456696,35.5046948357,2600,139.8,86.61,1439.1,220.3,63.93
2001 Dec,111.00,77.606,39.74,23.900,111.6,8.70,23.3576000769,35.3873239437,10700,220.9,108,1602.6,242.85,63.83
2002 Jan,110.85,71.906,40.97,10.700,75.4,8.60,24.4626908332,35.4753521127,1300,70.7,87.16,1502,286.5,64.87
2002 Feb,110.94,68.906,41.43,13.300,83.3,8.40,25.479876643,35.2699530516,1200,80.3,85.33,1522.9,291.78,65.44
2002 Mar,110.62,74.906,41.89,12.600,88.4,8.30,29.7495454742,35.2992957746,2300,91.1,91.39,1562.4,333.55,66.36
2002 Apr,110.06,72.106,42.35,9.700,98.8,8.30,32.210883977,36.0328638498,1500,91.8,92.03,1621.3,369.63,66.23
2002 May,109.37,68.906,43.09,5.200,85.1,8.20,31.9346112879,36.7957746479,1500,109,92.12,1686,399.88,65.9
2002 Jun,109.06,69.906,43.31,6.400,92.9,7.50,30.3020908524,37.9107981221,3400,127.2,97.55,1751.1,370.71,64.92
2002 Jul,108.73,73.206,43.61,13.400,97.5,7.30,32.361578171,38.8791079812,1700,129.6,99.7,1776.1,359.5,64
2002 Aug,108.04,74.006,43.64,4.900,98.3,7.10,33.4415532283,39.6420187793,1900,141.2,97.71,1812.5,336.43,64.43
2002 Sep,107.04,73.706,43.83,6.100,95,7.60,35.5889454934,40.0821596244,3700,146.9,97.51,1846.6,336.32,64.42
2002 Oct,106.56,78.807,44.29,6.800,104.6,8.10,34.5968753827,40.9037558685,2300,140.6,99.17,1884.6,350.49,64.97
2002 Nov,105.99,76.206,45.03,4.100,104.5,8.50,30.766731284,41.5786384977,2900,143.8,98.77,1930,353.45,64.99
2002 Dec,105.46,80.707,45.70,5.100,127.9,8.80,35.8149867845,41.6373239437,10100,227.8,118.92,2119.6,350.89,64.88
2003 Jan,104.36,75.406,46.81,7.300,88.1,9.30,39.293511097,41.8427230047,1700,76.3,95.85,2026.5,351.82,64.6
2003 Feb,104.27,74.506,47.58,2.500,99.1,9.60,41.0013786295,42.5176056338,1500,89.3,94.41,2108,366.41,65.22
2003 Mar,103.96,82.507,48.07,2.800,104.1,9.20,38.1005153942,43.1044600939,2400,101.1,98.95,2208.5,375.29,66.31
2003 Apr,103.36,80.207,48.56,2.000,108.2,8.80,31.4197394582,43.573943662,1700,103.4,100.13,2311.2,393.96,67.23
2003 May,102.61,76.406,48.93,1.300,102.9,8.50,32.411809569,43.573943662,1700,125.3,101.63,2432.4,445.75,66.09
2003 Jun,102.21,76.906,49.33,1.400,107.1,8.40,34.5968753827,43.75,3700,142.3,107.22,2604.5,481.35,67.05
2003 Jul,101.92,79.807,49.67,4.100,109,8.30,35.6642925905,44.7183098592,2000,144.5,107.87,2625.4,470.83,68.47
2003 Aug,101.25,79.107,49.49,3.900,108.7,8.20,37.4600650695,45.5105633803,1900,157.9,106.03,2683.2,495.41,68.9
2003 Sep,100.46,81.307,49.64,9.900,109.8,8.20,34.031772155,46.1561032864,3700,165.3,106.99,2732.1,548.5,67.91
2003 Oct,100.04,85.807,50.13,5.200,116.5,8.20,37.1586766814,46.5375586854,2500,158.4,111.91,2740.1,595.53,67.87
2003 Nov,99.63,83.507,50.63,3.400,116.6,8.20,36.1289330221,46.6255868545,2700,162.2,113.14,2821.3,523.07,69.05
2003 Dec,99.21,92.008,51.18,1.400,152,8.60,37.522854317,46.8603286385,10800,262.4,137.24,3212.7,553.1,68.74
2004 Jan,114.69,81.207,52.07,1.100,106.4,9.10,39.1553747525,48.7382629108,1800,91.9,108.01,3214.1,602.67,69.75
2004 Feb,114.56,82.507,52.59,1.200,108.6,9.50,38.7660814179,50.3521126761,1700,109.4,110.49,3335.5,639.28,71.21
2004 Mar,114.29,88.707,52.99,1.800,113.2,8.90,42.4455313225,51.0269953052,2500,122.3,114.8,3430.4,697.53,72.55
2004 Apr,113.94,85.607,53.52,5.200,119.7,8.20,41.8929859443,52.1126760563,1800,122.8,114.11,3483.5,721.69,73.17
2004 May,113.13,82.407,53.92,9.700,105.9,7.60,47.619365318,53.1983568075,1800,148.3,114.57,3526.5,612.11,73.17
2004 Jun,112.81,85.007,54.32,6.600,118.5,7.50,44.1910724035,54.6948356808,3600,172.7,122.02,3694,580.92,72.71
2004 Jul,112.50,85.807,54.84,3.800,120.9,7.40,48.1844685456,55.3110328638,2200,163.9,120.55,3634.9,568.42,72.67
2004 Aug,112.20,87.607,55.05,4.100,118.2,7.30,54.0364264144,56.338028169,2400,184.8,118.38,3657.9,553.63,72.81
2004 Sep,111.38,87.007,55.30,3.100,118.5,7.70,54.475951147,58.0985915493,4000,186.3,118.74,3727.5,611.04,72.78
2004 Oct,111.18,89.707,55.92,1.100,127,8.00,62.5004169799,59.1255868545,2800,175.5,117.31,3798.1,664.01,72.91
2004 Nov,110.72,91.108,56.56,1.100,130,8.40,54.0615421134,60.3286384977,3400,190.4,118.37,3939.9,657.38,72.98
2004 Dec,110.29,98.308,57.18,1.100,169.2,8.30,49.7918732821,60.3579812207,13000,297.6,146.18,4363.3,585.21,73.42
2005 Jan,117.42,83.707,58.68,1.100,98.8,8.30,55.6061576023,60.6514084507,2100,95.2,118.26,4190.3,607.77,75.76
2005 Feb,117.93,87.607,59.42,1.100,118.1,8.30,57.2135623388,61.4143192488,1800,117.4,118.74,4311.4,665.44,76.83
2005 Mar,118.61,93.308,60.19,1.000,130.4,8.00,66.6570651656,62.9401408451,2800,131.9,127.17,4474.6,688.99,77.36
2005 Apr,118.27,89.707,60.87,1.300,135.7,7.60,65.1250075261,64.5246478873,1900,133.9,124.5,4586.8,688.88,79.06
2005 May,117.16,84.907,61.36,3.000,126,7.30,61.1190535344,66.2558685446,1900,155.8,124.74,4688.6,658.18,79.81
2005 Jun,116.82,90.208,61.76,4.000,134.8,7.30,68.2016806545,66.2852112676,3900,192.3,132.85,4927.4,686.04,80.59
2005 Jul,116.86,89.907,62.04,3.400,135.6,7.20,72.3080974422,66.6373239437,1900,186.5,132.19,4985.8,752.18,80.61
2005 Aug,116.58,91.808,61.97,2.400,131.8,7.10,80.4832574691,67.9577464789,2600,202,132.98,5136,832.56,79.41
2005 Sep,115.99,92.408,62.13,1.400,140.9,7.20,79.0893361742,69.8650234742,4400,208.4,135.91,5292.8,929.32,79.49
2005 Oct,115.98,94.808,62.47,2.900,140.7,7.30,73.4885352956,70.5105633803,2700,195.5,133.46,5314,939.71,80.97
2005 Nov,115.70,96.808,62.93,5.700,144.1,7.50,69.733738294,69.8943661972,3600,223.5,135.86,5436.2,998.61,81.61
2005 Dec,115.40,102.509,63.42,4.800,201.9,7.70,71.2657959334,68.4272300469,14000,340.3,170.78,6045.6,1100.04,81.48
2006 Jan,113.53,87.707,64.99,3.100,109.8,7.70,79.8302492949,68.779342723,1800,102.1,131.16,5842.9,1283.58,83.08
2006 Feb,113.88,88.707,66.07,3.100,129.5,7.90,75.2466342261,71.0387323944,1500,124.1,132.47,5919.6,1393.66,85.42
2006 Mar,113.92,98.908,66.59,3.300,143.3,7.80,78.1726131605,72.5058685446,3000,150.9,140.68,6169.4,1412.61,86.82
2006 Apr,113.83,93.508,66.83,3.300,149.5,7.60,88.457491904,72.9166666667,2200,151.9,139.28,6360.1,1571.14,86.78
2006 May,113.19,94.208,67.14,2.400,149.8,7.50,88.1435456664,74.2370892019,2200,190.9,144.43,6693.1,1581.92,86.55
2006 Jun,112.94,94.608,67.36,2.800,159.5,7.20,86.4733516824,74.823943662,5000,227.8,155.99,7092.3,1391.33,87.81
2006 Jul,112.85,95.808,67.79,2.000,154.9,6.90,92.8025078322,76.1443661972,2200,209.8,152.55,7230.7,1514.07,88.28
2006 Aug,112.53,99.308,67.91,2.300,157.9,6.50,92.4383301966,77.7875586854,2900,237.1,152.1,7449.3,1628.79,88.17
2006 Sep,112.14,98.708,67.97,3.500,155.3,6.60,78.8256213346,78.8438967136,5200,249.9,155.75,7757.5,1560.64,88.59
2006 Oct,112.49,103.009,68.19,4.100,158.6,6.70,73.3127254025,76.6725352113,3400,243.4,154.5,7769.6,1596.05,88.74
2006 Nov,112.62,103.909,68.62,6.200,163.7,6.70,73.4383038976,74.794600939,4700,264.1,157.28,8014.1,1699.03,88.48
2006 Dec,112.29,108.209,69.14,5.000,231.6,6.90,78.2479602575,75.5281690141,16100,410.1,196.92,8995.8,1849.23,88.25
2007 Jan,115.00,96.208,70.31,3.300,120.9,7.10,68.189122805,76.9366197183,3000,130,156.75,8700.8,1829.89,90.11
2007 Feb,115.47,95.108,71.08,3.800,148.3,7.20,72.5341387333,76.8485915493,2500,149.9,159.41,8902,1898.08,90.89
2007 Mar,115.59,105.609,71.51,4.800,157.1,6.80,78.0344768159,76.8192488263,4000,172.7,168.02,9412.6,1841.69,88.44
2007 Apr,115.62,100.008,71.91,3.300,164.6,6.40,84.6399056549,80.1349765258,2900,181,167.51,10006,1959.48,91.28
2007 May,114.80,100.708,72.37,3.300,164.6,5.90,84.7403684509,84.4190140845,2800,230.7,170.53,10699.3,1843.92,91.46
2007 Jun,114.56,101.508,73.05,3.400,173.2,5.80,89.5625826603,86.5316901408,6000,279,181.27,10857.7,1859.7,91.84
2007 Jul,114.87,104.609,73.69,3.500,173.7,5.70,96.9465981685,87.1478873239,3100,258,177.65,10923.5,2008.03,92.37
2007 Aug,114.78,105.709,73.75,5.200,174.6,5.60,88.9095744861,88.9377934272,3700,272.5,173.92,11156.8,1902.31,92.4
2007 Sep,114.37,103.409,74.34,6.200,175.8,5.60,96.8586932219,88.3802816901,6000,282.6,177.92,11494,1964.47,92.39
2007 Oct,114.72,108.809,75.57,5.700,176,5.60,104.2803822786,88.3215962441,4100,308,179.16,11421.7,2144.76,92.89
2007 Nov,114.62,110.209,76.49,6.300,188.3,5.70,116.1977814576,91.0798122066,5900,328.3,185.43,12163.3,2207.28,93.51
2007 Dec,114.48,113.609,77.35,4.400,258.7,6.10,114.8415337112,94.4542253521,16400,541.4,232.72,13272.1,2282.9,94.06
2008 Jan,115.24,102.609,79.14,2.800,130.9,6.60,115.4317526379,95.9800469484,3200,157,179.19,12914.8,2112,95.22
2008 Feb,115.90,102.809,80.09,4.300,164.2,7.10,119.073528994,96.5962441315,2600,188.9,184.39,13080.4,2007.43,95.5
2008 Mar,115.95,109.409,81.04,4.300,164.5,6.50,129.6974696741,97.3004694836,4400,212.1,192.13,13382.9,2023.73,96.56
2008 Apr,115.71,105.709,82.21,4.200,181.3,6.00,138.6888899187,101.7018779343,3000,225.9,194.06,13347.7,2119.09,97.98
2008 May,114.89,105.209,83.32,3.700,171.7,5.40,155.6419867487,105.2816901408,2900,274.5,192.89,13724.5,2363.94,98.47
2008 Jun,114.43,104.409,84.12,3.700,180.2,5.60,167.0821876466,110.4753521127,5600,310.7,203.31,14244.7,2360.42,99.05
2008 Jul,114.49,106.609,84.55,4.400,184.8,5.70,168.1496048544,116.4025821596,3900,285.2,203.31,14210,2123.88,99.44
2008 Aug,114.14,106.709,84.83,5.800,189.6,5.80,142.9711165995,116.9600938967,3800,300.6,197.61,14530.1,1745.25,99.06
2008 Sep,113.68,106.409,85.53,7.100,175.5,6.20,124.3980571835,111.0915492958,5800,325.6,201.76,14374.6,1354.56,98.31
2008 Oct,113.45,107.109,86.30,7.600,174.8,6.60,91.4713757849,103.7558685446,4700,328.8,198.94,13519.7,790.28,100.28
2008 Nov,112.22,96.408,87.01,9.500,179.5,7.00,66.8579907576,95.0704225352,5800,326.9,196.75,13226.2,677.39,101.83
2008 Dec,110.49,99.008,87.63,8.300,230.9,7.80,52.2155382363,87.8521126761,18400,505.3,240.63,13493.2,647.09,97.73
2009 Jan,107.52,83.907,89.72,16.300,125.6,8.70,56.3345128735,84.8591549296,3100,129.4,185.76,11990.7,555.8,88.75
2009 Feb,106.96,84.707,91.19,9.300,168.4,9.40,54.3032807163,89.1725352113,2800,157,182.98,12021.3,552.88,84.09
2009 Mar,106.06,93.708,92.36,8.700,174,9.20,58.8198254526,91.7253521127,4500,174.8,191.03,12111.7,653.04,87.87
2009 Apr,104.90,89.807,93.01,8.600,186.4,8.80,63.8506847979,93.984741784,3300,178.7,188.35,12339.1,789.69,89.94
2009 May,103.85,88.707,93.56,7.100,181.3,8.50,72.757788053,94.5715962441,3000,206.4,187.22,12861.1,969.9,92.05
2009 Jun,103.06,90.808,94.12,6.800,186.4,8.30,86.1388562365,96.5962441315,4900,241.4,199.02,13161,984.39,93.76
2009 Jul,102.23,93.808,94.70,6.500,181.4,8.10,81.5211910303,98.3274647887,4100,229.6,194.24,13121,943.74,92.49
2009 Aug,101.76,92.808,94.70,6.600,174.3,7.90,91.0503888301,99.735915493,4000,245.3,189.19,13305,1057.35,90.89
2009 Sep,101.60,95.008,94.67,7.200,180.4,7.60,85.0000876111,100.9096244131,5300,271.2,194.3,13649.5,1186.42,92.41
2009 Oct,101.51,99.108,94.67,5.800,191.6,7.70,91.9160378196,100.029342723,4740,283.5,193.72,13874.7,1378.36,95.13
2009 Nov,101.19,99.908,94.95,5.300,186.2,8.20,96.7414866266,99.5011737089,5800,288,197.4,14224.1,1412.71,96.35
2009 Dec,100.73,106.509,95.35,5.100,261.1,8.20,93.7688914327,100,14300,480.6,245.37,15697.7,1411.16,94.19
2010 Jan,100.00,91.008,96.91,4.000,146.7,9.00,95.9080640145,98.9436619718,3100,118.1,188.2,15331,1519.89,96.66
2010 Feb,100.13,90.908,97.71,3.800,180.3,8.50,93.3198912318,100.9096244131,2900,145.3,188.38,15565.9,1415.01,98.35
2010 Mar,100.35,102.409,98.36,3.600,185.4,8.50,99.5520789438,102.7582159624,3600,176,202.51,15996.5,1516.44,100.94
2010 Apr,100.27,96.508,98.64,3.300,198.7,8.10,106.6521034008,106.015258216,3800,185,199.88,16435,1617.56,102.68
2010 May,99.96,95.908,99.13,2.800,187,7.20,95.7547984513,108.8908450704,3100,221.5,198.28,16813.9,1400.68,102.57
2010 Jun,99.81,97.408,99.53,2.600,195,6.70,93.9806624402,105.5164319249,5100,271.5,212.36,17190.3,1382.25,101.96
2010 Jul,99.78,98.108,99.90,2.600,196.8,6.80,93.8516590771,106.161971831,3100,232.7,207.05,17330.1,1402.14,101.38
2010 Aug,99.70,99.208,100.45,2.600,185.6,6.70,96.3101435232,109.6244131455,3800,265.7,200.4,17663.8,1458.5,101.66
2010 Sep,99.77,100.908,101.28,2.600,187.8,6.50,97.6835156098,108.2453051643,4500,291.8,201.2,17909.2,1477.95,99.59
2010 Oct,100.09,106.209,101.77,2.700,196.6,6.70,104.1272961132,110.6514084507,4600,305.8,199.8,18099.7,1581,97.64
2010 Nov,100.19,107.309,102.60,3.200,195.8,6.60,107.5830966981,115.5223004695,5900,318.9,203.2,18529.4,1605.15,96.86
2010 Dec,99.97,114.110,103.71,3.000,274.8,7.00,115.2766904962,116.6666666667,15000,546.6,262.1,20173.5,1733.3,99.71
2011 Jan,100.60,96.608,106.17,2.700,146.4,7.60,120.9249148065,119.1901408451,2600,118.1,190.8,19303.4,1877.68,103.74
2011 Feb,101.49,95.808,107.00,2.800,179.5,7.40,130.5457524081,123.1807511737,2700,153.3,189.1,19531.3,1899.62,105.25
2011 Mar,101.71,106.209,107.65,3.100,178.6,7.00,143.7136677006,124.853286385,4000,181.5,206,19786.8,1988.45,107.22
2011 Apr,101.72,101.808,108.11,3.300,195.8,7.10,154.6505146307,127.3180751174,3100,195.3,203.7,20046.6,2051.23,106.6
2011 May,100.51,101.808,108.63,3.800,177.6,6.20,143.7348621738,128.6384976526,2900,241.7,204.7,20188.7,1868.02,107.84
2011 Jun,100.23,103.709,108.88,3.700,196.6,6.00,142.8552418972,125.7335680751,5400,292.5,216.4,20742.6,1885.72,108.65
2011 Jul,100.28,103.609,108.88,3.900,195,6.40,146.2487153199,123.4355439277,3700,257.7,211.6,20847.5,1951.14,108.82
2011 Aug,100.10,105.109,108.63,4.000,186,6.00,138.238445317,127.4606160123,3900,298.1,207.6,21083.8,1675.51,104.86
2011 Sep,99.91,105.509,108.57,4.500,191.1,6.00,139.2402936742,128.0906272951,5500,324.4,211.3,21497.4,1531.45,100.61
2011 Oct,100.42,109.809,109.09,4.900,193,6.20,137.4689845384,129.2456479803,5000,356.2,211.5,21380.9,1417.63,99.33
2011 Nov,100.41,111.509,109.56,5.000,197.2,6.20,138.7693743178,130.4706699191,6500,360.1,216.8,21961.9,1496.66,102.84
2011 Dec,100.16,118.810,110.05,5.400,284.4,6.00,135.5871010913,130.6924882629,17000,630.9,291.4,24543.4,1420.82,102.52
2012 Jan,99.60,100.108,110.57,4.800,147,6.30,139.3841381322,130.2816901408,3100,137.5,210.4,23677.9,1486.65,103.84
2012 Feb,99.86,102.309,111.00,4.400,184.5,6.20,150.3204485233,131.6607981221,2800,178,212.1,23851.3,1654.32,107.03
2012 Mar,100.00,109.609,111.65,5.100,184.5,6.30,156.8835014155,134.4776995305,3900,200.9,224.2,24041.3,1700.59,109.67
2012 Apr,99.93,104.209,111.98,5.300,198.6,5.60,151.4363031506,135.3579812207,2900,212,226.2,24247.2,1608.15,109.29
2012 May,99.27,105.209,112.57,5.800,187.2,5.20,138.7915366886,132.1596244131,3100,275.6,230.5,24450.1,1384.26,106.96
2012 Jun,98.92,105.209,113.55,5.800,211.6,5.20,120.0392874201,131.132629108,5200,319.9,238.1,24764,1296.74,102.22
2012 Jul,98.89,107.309,114.97,5.600,196.6,5.20,129.5228014037,129.6654929577,4200,284.1,228.6,24646.4,1369.21,105.03
2012 Aug,98.64,109.709,115.06,5.300,201.3,5.00,142.3306662748,136.3262910798,4300,316.5,220.1,24573.5,1421.08,105.86
2012 Sep,98.75,107.909,115.71,5.500,200.3,5.00,142.3840371352,142.8990610329,5100,328.5,221.2,24657.5,1486.96,105.55
2012 Oct,99.23,113.609,116.23,6.100,200.3,5.10,140.6146088404,140.5809859155,5500,389.9,227,24739.2,1479.5,106.92
2012 Nov,99.11,115.110,116.63,6.100,215.1,5.20,137.7744501503,138.9377934272,7200,370.8,231.7,25080.6,1411.41,106.89
2012 Dec,98.84,122.210,117.24,6.200,300,5.10,137.6842619584,137.411971831,18400,630.4,306.1,27405.4,1497.75,108.1
2013 Jan,97.65,99.708,118.38,5.400,147.6,6.00,141.8141564648,136.7957746479,3600,141.8,222.6,26745,1596.31,110.73
2013 Feb,98.03,99.108,119.06,5.700,195,5.80,146.2424363952,137.8521126761,2900,178.9,220.3,27169.9,1580.03,111.56
2013 Mar,98.12,109.409,119.49,6.000,202.2,5.70,137.1819479783,138.5563380282,3900,197.3,236.9,27465.9,1498.22,111.52
2013 Apr,98.14,105.409,120.07,6.200,214.8,5.60,129.1894475805,136.9131455399,3700,211.3,246.8,27841.2,1391.46,109.99
2013 May,97.61,104.609,120.87,6.400,186.6,5.20,129.3797014823,135.5927230047,3400,276.4,242.9,28083.5,1405.84,111.08
2013 Jun,97.28,107.009,121.40,6.300,215.6,5.40,129.4839862325,136.1473415984,5100,311.2,252.3,28506.1,1281.47,107.14
2013 Jul,97.26,108.109,122.38,6.100,204.8,5.30,135.2682409126,138.9084507042,4200,291.6,244.3,28734.3,1328.68,107.1
2013 Aug,96.79,109.509,122.57,6.100,208.7,5.20,139.3476062063,142.8110328639,5100,311.4,236.4,28779.2,1319.8,105.4
2013 Sep,96.69,109.309,122.81,6.300,200.3,5.30,140.1725101387,144.8446134958,6800,324.8,236.9,28629.3,1392.55,106.38
2013 Oct,97.02,114.810,123.52,6.100,210.9,5.50,137.481698386,143.154622274,6700,389.8,241.4,28545.8,1479.13,107.31
2013 Nov,97.01,118.310,124.23,6.200,217.7,5.40,135.7204534932,141.0249585393,7600,372.6,243.3,29167.3,1437.42,106.74
2013 Dec,97.46,122.610,124.84,6.400,306.9,5.60,138.93205555,142.4676339725,16400,634.9,316.8,31404.7,1414.44,105.68
2014 Jan,96.25,99.508,125.58,6.100,147.6,5.60,135.0853331046,143.1044600939,4600,132.1,235.4,30136.1,1372.92,104.1
2014 Feb,96.69,101.108,126.47,6.000,197.2,5.60,136.6444720195,142.4882629108,4100,172.6,231.6,30459,1316.28,100.72
2014 Mar,96.67,110.909,127.73,7.900,189.4,5.40,134.8784795836,145.7301427905,4900,188.7,247.6,29800.1,1149.43,98.99
2014 Apr,96.50,107.909,128.90,7.900,220,5.30,135.4683723324,146.7986500453,4300,206.2,257,30160,1181.92,101.43
2014 May,95.60,107.509,130.04,8.200,199.6,4.90,137.7293560544,147.4178403756,4600,270.1,249.6,30245.6,1263.99,104.7
2014 Jun,,107.409,130.87,8.200,209.9,4.90,140.4822704264,148.6208920188,6900,313.9,259.8,30426.2,1361.1,106.41
2014 Jul,,109.709,131.48,8.200,210.6,4.90,134.3471499512,151.0563380282,5800,286.9,249.2,30524.8,1314.87,106.45
2014 Aug,,109.509,131.82,7.900,216.5,4.80,127.9925921057,151.0269953052,5600,303.8,235.2,30688.9,1222.8,103.75
2014 Sep,,112.4649349482,132.68,8.000,202,4.90,122.2335405782,,7400,316.6,235.9,30644.8,1194.98,
2014 Oct,,118.1602746027,,,,5.10,109.5918066252,,7900,379.3,,,1073.04,
