time,employment,ind_prod,cpi,ib_rate,lend_rate,real_income,unemp_rate,oil_price,ppi,construction,real_investment,wage,m2,rts,reer,gas_price,trade_balance,nfa_cb,ner,labor_request,agriculture,retail,gov_balance,export,import,time_y
1992 Jan,189.432983539258,NA,0.0157971714151809,NA,NA,NA,NA,23.2948108293398,NA,NA,NA,NA,1,NA,NA,NA,NA,NA,NA,NA,NA,NA,NA,NA,NA,1992
1992 Feb,189.595283746907,NA,0.0218413065653371,NA,NA,NA,NA,23.206905882814,0.0189049828500878,NA,NA,NA,1.2,NA,NA,NA,NA,NA,NA,NA,NA,NA,NA,NA,NA,1992.08333333333
1992 Mar,190.024901943624,NA,0.0283433307420203,NA,NA,NA,NA,22.0892572769858,0.0219017168160712,NA,NA,NA,1.3,NA,NA,NA,NA,NA,NA,NA,NA,NA,NA,NA,NA,1992.16666666667
1992 Apr,190.063090227777,NA,0.0344790436974818,NA,NA,NA,NA,23.9352611540278,0.0256480631135571,NA,NA,NA,1.5,NA,NA,NA,NA,NA,NA,NA,NA,NA,NA,NA,NA,1992.25
1992 May,189.509360107563,NA,0.0386000449362247,NA,NA,NA,NA,25.1533725558855,0.0299999315003344,NA,NA,NA,1.6,NA,NA,NA,NA,NA,NA,NA,NA,NA,NA,NA,NA,1992.33333333333
1992 Jun,188.459182293365,NA,0.0459720582633091,NA,NA,NA,NA,26.7231037438464,0.0372044436108841,NA,NA,NA,2,NA,NA,NA,NA,NA,NA,NA,NA,NA,NA,NA,NA,1992.41666666667
1992 Jul,188.020017025609,NA,0.0508256819444951,NA,NA,NA,NA,25.5426658904998,0.0435152531477204,NA,NA,NA,2.6,NA,NA,NA,NA,NA,NA,NA,NA,NA,NA,NA,NA,1992.5
1992 Aug,186.616597582999,NA,0.0552214165991542,NA,NA,NA,NA,24.8268684687896,0.0470025800812317,NA,NA,NA,3.3,NA,NA,NA,NA,NA,NA,NA,NA,NA,NA,NA,NA,1992.58333333333
1992 Sep,185.26091349558,NA,0.0615402851652265,NA,NA,NA,NA,25.5049923419887,0.0502874945316371,NA,NA,NA,4.4,NA,NA,NA,NA,NA,NA,NA,NA,NA,NA,NA,NA,1992.66666666667
1992 Oct,184.210735681382,NA,0.0756432671822576,NA,NA,NA,NA,25.4422030944703,0.0638611384199181,NA,NA,NA,5.5,NA,NA,NA,NA,NA,NA,NA,NA,NA,NA,NA,NA,1992.75
1992 Nov,183.275122719642,NA,0.0954240731282233,NA,NA,NA,NA,24.048281799561,0.08112280636479,NA,NA,NA,5.9,NA,NA,NA,NA,NA,NA,NA,NA,NA,NA,NA,NA,1992.83333333333
1992 Dec,182.329962686863,NA,0.11946324702089,NA,NA,100,NA,22.7924968491923,0.0973475391737507,NA,NA,NA,6.2,NA,NA,NA,NA,NA,NA,NA,NA,NA,NA,NA,NA,1992.91666666667
1993 Jan,176.46806106943,NA,0.150523973024184,NA,NA,73,NA,21.7878688888973,0.128498477251747,500,NA,100,7,NA,NA,NA,NA,NA,NA,NA,NA,NA,NA,NA,NA,1993
1993 Feb,177.565974238819,NA,0.187556628600374,NA,NA,79.6,NA,23.206905882814,0.167437149849242,500,NA,99.04,7.5,NA,NA,NA,NA,NA,NA,NA,NA,NA,NA,NA,NA,1993.08333333333
1993 Mar,174.816417779828,NA,0.224591045288204,NA,NA,85.9,NA,23.5459678194135,0.198588945607251,3200,NA,101.77,8.6,NA,NA,NA,NA,NA,NA,NA,NA,NA,NA,NA,NA,1993.16666666667
1993 Apr,175.685201244301,NA,0.267597391548931,NA,NA,85,NA,23.3952736253693,0.240448018649558,1200,NA,110.05,10.7,NA,NA,NA,NA,NA,NA,NA,NA,NA,NA,NA,NA,1993.25
1993 May,174.205405233386,NA,0.315383394801943,NA,NA,83.3,NA,23.244579431325,0.283280558506803,1300,NA,115.47,13,NA,NA,NA,NA,NA,NA,NA,NA,NA,NA,NA,NA,1993.33333333333
1993 Jun,173.498921976561,NA,0.378698880500782,NA,NA,98.3,NA,22.0892572769858,0.328060889673935,4800,NA,120.65,15.3,NA,NA,NA,NA,NA,NA,NA,NA,NA,NA,NA,NA,1993.41666666667
1993 Jul,172.563309014821,NA,0.463517539329984,NA,NA,95.3,NA,21.0469557681798,0.419566770278049,1800,NA,116.38,17.9,NA,NA,NA,NA,NA,NA,NA,NA,NA,NA,NA,NA,1993.5
1993 Aug,171.32218977986,NA,0.583033619700089,NA,NA,95.1,NA,20.9841665206613,0.528595911231048,1500,NA,107.85,20.5,NA,NA,NA,NA,NA,NA,NA,NA,NA,NA,NA,NA,1993.58333333333
1993 Sep,169.699187703372,NA,0.717973515817591,NA,NA,93.2,NA,20.0800013563959,0.639571985813922,4000,NA,108.93,21.1,NA,NA,NA,NA,NA,NA,NA,NA,NA,NA,NA,NA,1993.66666666667
1993 Oct,168.553539178792,NA,0.857745902276593,NA,NA,84.8,NA,20.795798778106,0.761256195361107,2000,NA,103.39,23.8,NA,NA,NA,NA,NA,NA,NA,NA,NA,NA,NA,NA,1993.75
1993 Nov,167.016460741648,NA,0.998712322427846,NA,NA,89.9,NA,18.9372370515603,0.875152670388794,2000,NA,99.35,26,NA,54.3,NA,NA,NA,NA,NA,NA,NA,NA,NA,NA,1993.83333333333
1993 Dec,165.527117659694,NA,1.12295522644102,NA,NA,116.9,NA,17.0284439269999,0.968606342302795,19000,NA,119.75,31.6,NA,51.51,NA,NA,NA,NA,NA,NA,NA,NA,NA,NA,1993.91666666667
1994 Jan,162.071077943879,NA,1.32396322575145,NA,NA,78.3,6.4,17.8572619942432,1.15264131576672,500,100,97,32.9,NA,50.78,NA,NA,NA,NA,NA,NA,NA,NA,NA,NA,1994
1994 Feb,161.068635484871,NA,1.46770163562483,NA,NA,87.7,6.8,17.2670430675699,1.32699050884203,500,101.9,94.09,35.3,NA,51.67,NA,NA,NA,NA,NA,NA,NA,NA,NA,NA,1994.08333333333
1994 Mar,158.958732785437,NA,1.57550456247404,NA,NA,96.5,7.1,17.4302951111179,1.46259572268282,3000,92.3,99.74,38.3,NA,51.5,NA,NA,NA,NA,NA,NA,NA,NA,NA,NA,1994.16666666667
1994 Apr,156.743812304583,NA,1.71025954186929,NA,NA,103.3,7.4,19.0251419980861,1.61757249730087,1000,106.7,95.75,45,NA,55.35,NA,NA,NA,NA,NA,NA,NA,NA,NA,NA,1994.25
1994 May,154.213838479469,NA,1.82816948842327,NA,NA,95,7.4,20.4190632929954,1.72411951229578,1300,129.2,95.84,50.6,NA,56.29,NA,NA,NA,NA,NA,NA,NA,NA,NA,NA,1994.33333333333
1994 Jun,152.657665900249,NA,1.93709600449912,NA,NA,105.5,7.4,21.0218400691724,1.8694105065252,4300,134.2,102.55,57.6,NA,56,NA,NA,NA,NA,NA,NA,NA,NA,NA,NA,1994.41666666667
1994 Jul,151.111040392066,NA,2.04040809666509,NA,NA,108.6,7.5,22.1394886750006,2.01470150075462,1600,125.8,103.58,62.4,NA,54.85,NA,NA,NA,NA,NA,NA,NA,NA,NA,NA,1994.5
1994 Aug,149.144343758204,NA,2.13473675835293,NA,NA,115.1,7.7,21.1223028652019,2.13093429613815,1600,129.6,104.61,68.8,NA,53.62,NA,NA,NA,NA,NA,NA,NA,NA,NA,NA,1994.58333333333
1994 Sep,147.39722975822,NA,2.30542545966071,NA,NA,114.8,7.7,19.9041914633442,2.2859110707562,3700,123.5,105.66,74.7,NA,52.94,NA,NA,NA,NA,NA,NA,NA,NA,NA,NA,1994.66666666667
1994 Oct,146.089281025991,NA,2.65129545807115,NA,NA,109.1,7.7,20.6325467345581,2.53774822230052,1700,121.6,96.15,77.9,NA,47.12,NA,NA,NA,4.05,NA,NA,NA,NA,NA,NA,1994.75
1994 Nov,145.946074960419,NA,3.03871536341563,NA,NA,103.6,7.8,21.7250796413789,2.85738840960524,1700,166.4,89.42,81.7,NA,49.85,NA,NA,NA,4.47,NA,NA,NA,NA,NA,NA,1994.83333333333
1994 Dec,145.42098605332,NA,3.53842903029257,NA,NA,121.2,7.8,19.9418650118553,3.22545921421311,18300,229.1,96.57,94.8,NA,53.43,NA,NA,NA,4.9,NA,NA,NA,NA,NA,NA,1994.91666666667
1995 Jan,144.628579157152,66.754928803543,4.16826947517356,822.7,386.3,82.4,7.9,20.7832409286024,3.91893295813413,400,63.7,69.53,90.9,NA,52.89,2.59,1873.84257237053,2.0929889648706,5.12,311,80.1,98.6,1.7,5.741e+09,3867157427.62947,1995
1995 Feb,144.972273714526,66.4211541595252,4.62826655233421,233,449.4,80.8,8.1,21.5241540493199,4.58015192980021,600,88.2,66.75,98.7,NA,50.61,2.59,1775.90376563217,3.1097851910592,4.99,316,82.6,92.3,0.100000000000001,6.347e+09,4571096234.36783,1995.08333333333
1995 Mar,144.523561375732,70.5392657174158,5.03872355904791,243.8,422.1,88.9,8,21.3734598552756,5.07364728649266,3300,86.1,68.75,104,NA,47.26,2.59,1963.3215184943,4.148026077789,4.54,330,103.7,99.2,-3,6.971e+09,5007678481.5057,1995.16666666667
1995 Apr,144.399449452236,64.6845066628703,5.46687445441361,175,416.7,89.7,8.2,23.5334099699099,5.82517910586455,1200,88.8,67.38,119.4,NA,46.78,2.69,2285.10541544368,5.83008433797361,4.45,368,117,93.2,0,6.705e+09,4419894584.55632,1995.25
1995 May,143.731154479565,65.3313517294991,5.90210149635079,87.5,404.1,90.6,8.3,23.005980290755,6.34125203122344,1500,104.4,69.4,133.9,NA,49.84,2.69,2072.5218328766,8.66119446637498,4.45,405,135.9,102.5,0.900000000000006,6.93e+09,4857478167.1234,1995.33333333333
1995 Jun,143.387459922191,66.8339728192775,6.29486637552415,93.4,316.1,94.3,8.4,21.7878688888973,6.72508184839313,5000,115.4,72.87,151.7,NA,56.99,2.69,1656.85545369816,10.0854629502972,4.5,445,164.8,102.4,-6.7,7.014e+09,5357144546.30184,1995.41666666667
1995 Jul,142.87191808613,65.8982971998076,6.63101679879073,209,283.2,91.4,8.5,19.9167493128479,7.17664608692216,1800,111.5,72.14,159.9,NA,61.7,2.77,1177.7272524935,10.3206811138871,4.5,454,243.8,102.4,0.399999999999999,6.631e+09,5453272747.5065,1995.5
1995 Aug,142.108152403077,68.2047376018009,6.93532280137401,182.5,253.4,91.4,8.8,20.1804641524254,7.66046509770613,1800,115.5,71.85,168.4,NA,67.13,2.77,1488.10784981986,10.916226583319,4.58,460,388.3,106.3,4.9,6.656e+09,5167892150.18014,1995.58333333333
1995 Sep,141.25846308068,67.5908949633847,7.24316511613138,91.4,216.7,92.4,8.9,20.9213772731429,8.09590237894771,3800,117.1,74.73,174.1,96.77,68.69,2.77,2047.11853325358,11.1543030759086,4.64,446,496.2,105.9,0.799999999999997,7.207e+09,5159881466.74642,1995.66666666667
1995 Oct,140.313303047902,70.0241671820665,7.58639344708108,39.6,233.3,86.8,9.2,20.2432533999438,8.46683011567941,1800,120.4,75.47,178.5,77.28,70.07,2.82,1453.39873690653,12.7028703706135,4.73,404,230,108.4,-5.4,7.153e+09,5699601263.09347,1995.75
1995 Nov,139.559084435887,67.363248829148,7.92962177803079,38.7,237.5,87.7,9.1,21.197649962224,8.7087396210714,1800,151.1,74.79,189.1,71.66,71.8,2.69,1374.45859473896,12.3417747586603,4.82,352,180,108.6,-9.7,7.779e+09,6404541405.26104,1995.83333333333
1995 Dec,138.432530053384,70.1925052799722,8.18438771016712,68.6,224.9,97.3,9,22.5538977086222,8.87001262466605,18000,255.5,86.76,213.9,78.99,72.68,2.69,1058.03659910693,14.3827766160492,4.86,309,110.6,116,-38.7,7.779e+09,6720963400.89307,1995.91666666667
1996 Jan,135.425202676362,63.6646022889348,8.51934315534533,36.5,203.6,81.8,9.1,22.5287820096149,9.15556754881364,400,83.5,73.75,210,84.58,73.85,2.68,1176.67140094871,11.8975170238296,4.94,294,75.8,106.2,-3.7,5.922e+09,4745328599.05129,1996
1996 Feb,134.737813561614,64.8105651301356,8.76003835229933,34,183.8,85,9.3,22.5664555581259,9.40668393080482,600,86.5,75.22,222.1,77.23,74.33,2.68,1237.37069289301,12.6886625518264,5.03,287,77.4,96.4,-8.2,6.958e+09,5720629307.10699,1996.08333333333
1996 Mar,134.995584479644,69.7361680800259,9.00706763338369,97,176.1,88.4,9.2,25.1031411578708,9.651013383553,3400,91.7,79.74,234.3,71.18,74.86,2.68,2088.12630934661,16.3311361028316,5.11,289,99.2,101,-10.6,7.992e+09,5903873690.65339,1996.16666666667
1996 Apr,136.122138862148,67.0164575249049,9.19709015729474,44,177.3,90.2,9.5,26.3840418072469,9.88176897781516,1300,86.9,78.14,243.2,90.71,75.7,2.69,1137.92866582275,14.2690188318113,5.19,309,113.2,101.9,-16.8,7.19e+09,6052071334.17725,1996.25
1996 May,131.921427605355,61.0519928051884,9.34910817642358,35.6,174.2,83.9,9.6,24.048281799561,9.98357291646024,1500,88.4,80.48,246.3,120.33,75.61,2.69,2037.46150207965,12.0042688415614,5.35,327,131.4,99.9,-9.3,7.69e+09,5652538497.92035,1996.33333333333
1996 Jun,131.444074053447,60.5635768627468,9.45678760663984,89.3,177.6,90.6,9.6,22.9431910432366,10.1532461475354,4900,102,85.39,258.6,169.79,75.59,2.69,1588.70321476762,12.7923482883884,5.41,346,152.9,99.9,-10.4,7.06e+09,5471296785.23238,1996.41666666667
1996 Jul,130.565743517936,61.7748484000018,9.52646253207389,56.3,151,89.7,9.7,24.6259428767306,10.2754108739094,1700,103.3,85.39,263.5,170.97,74.17,2.69,1438.95003269019,12.4969054475592,5.45,350,216,101.2,-7.8,7.475e+09,6036049967.30981,1996.5
1996 Aug,129.630130556196,61.3424244612018,9.50112619555241,37,125.2,90.6,9.7,25.0654676093597,10.4858056804426,1400,109.2,84.54,266.7,176.78,71.46,2.69,1409.31193400754,12.0886541552721,5.51,343,366.2,103.3,-9.3,7.174e+09,5764688065.99246,1996.58333333333
1996 Sep,128.159881616319,63.0600123461154,9.53279661620426,47.1,152.3,87.9,9.8,27.702616005134,10.6690527700037,2500,117.7,86.23,267.4,171.95,70.87,2.69,2008.98632576126,11.3985460252079,5.55,333,464.9,105,-0.200000000000003,7.268e+09,5259013674.23874,1996.66666666667
1996 Oct,126.85193288409,67.7264532597279,9.64681013055089,34.2,90.6,96.6,9.8,29.7369876247313,10.9608907274529,1300,109.2,84.51,270.1,177.3,71,2.94,3105.45749579201,10.5148098498305,5.63,341,239,105.1,-3.1,8.761e+09,5655542504.20799,1996.75
1996 Nov,125.639454862243,63.5951396108846,9.83049857033157,30.6,83.1,93.7,9.9,27.9788886942151,11.055907736855,1600,118.1,81.97,273.5,188.14,71.15,2.94,2678.58970328432,11.6529318374233,5.68,274,170.5,104.9,-3.5,8.235e+09,5556410296.71568,1996.83333333333
1996 Dec,124.598824119083,68.873536198588,9.96984842119967,30.2,66.9,115.3,10,29.5360620326723,11.1441378170141,13700,181.5,98.37,288.3,188.57,71.8,2.94,2492.53738506267,11.2764348390512,5.73,255,105.8,117.6,-11.3,8.838e+09,6345462614.93733,1996.91666666667
1997 Jan,123.052198610901,62.4682973321192,10.2042095340233,21.1,44.2,89.5,10.1,29.4732727851539,11.2663025433882,400,68.2,76.73,289.9,257.24,74.04,3,1978,9.92945913838054,5.74,257,72,107.9,-5.8,6.708e+09,4.73e+09,1997
1997 Feb,122.574845058993,64.467282846747,10.3625616372825,25.8,46.1,89.7,10.3,26.1580005161805,11.4495496329493,600,72.7,76.73,299.5,314.55,76.6,2.94,1521,11.1268235762445,5.77,263,72.7,99.9,-7.5,6.486e+09,4.965e+09,1997.08333333333
1997 Mar,121.954285441512,68.3997871003986,10.508245572281,32.4,41.6,92.2,10.5,24.1236288965832,11.5988620762954,3000,82.4,82.86,305.8,316.29,77.85,2.76,1551,12.4287463000863,5.77,273,93.1,104.3,-16.6,7.096e+09,5.545e+09,1997.16666666667
1997 Apr,121.171425616382,66.2793937002863,10.6095909183669,28.2,32.5,99.5,10.7,21.9385630829416,11.6938790856975,1100,80.4,82.03,317.8,295.87,78.28,2.73,776,14.0677178645436,5.81,318,108.8,105.7,-6.1,6.838e+09,6.062e+09,1997.25
1997 May,120.512677714749,61.1758803853643,10.7109362644528,14.8,34,91.7,10.9,24.0357239500573,11.7481745196415,1200,81.6,83.02,328.4,353.31,78.19,2.73,1199,15.8841175756036,5.84,334,126.3,103.4,-5.2,6.61e+09,5.411e+09,1997.33333333333
1997 Jun,119.853929813116,60.5029457011252,10.8249497787994,16.1,28.6,100.7,10.9,22.0390258789711,11.8431915290436,3900,99.1,88.66,352,382.76,78.74,2.73,1130,20.3957254837276,5.86,358,149.2,102.2,-19.5,6.824e+09,5.694e+09,1997.41666666667
1997 Jul,119.433858687436,63.770104768986,10.9262951248853,14.3,28.8,96.5,10.9,23.1441166352955,11.8703392460156,1500,101.2,88.4,363,485.47,80.14,2.6,1178,20.1860867136615,5.9,385,211.9,102.9,-10,7.502e+09,6.324e+09,1997.5
1997 Aug,118.775110785803,64.8541965500588,10.9136269566245,16.2,28.3,94.4,10.9,23.4706207223914,11.9246346799596,1400,107.5,86.98,364.6,531.25,80.99,2.6,952,19.6039242729458,5.93,403,397.7,106.8,-4.3,6.953e+09,6.001e+09,1997.58333333333
1997 Sep,117.75357418472,65.5675927121094,10.8819565359727,15.6,24.8,92.6,11,23.1692323343029,11.9449954676887,3200,119,91.16,363,491.42,78.98,2.6,989,18.736966561118,5.97,415,528.1,111.5,-7.6,7.072e+09,6.083e+09,1997.66666666667
1997 Oct,117.037543856857,70.5507297582297,10.9009587883638,18.2,24,94.7,11.1,25.1784882548929,11.9517823969317,1500,109.6,89.15,368.8,515.7,77.86,2.45,1166,18.4477240975257,6.05,397,253.5,111.6,-8.00000000000001,7.852e+09,6.686e+09,1997.75
1997 Nov,117.037543856857,68.5753093249993,10.9642996296675,20.5,23,93,11.2,23.8599140570057,11.9789301139037,1900,117.6,87.91,357.4,374.86,78.14,2.45,1797,12.2014181256762,6.05,379,160.6,113.3,-5.3,8.152e+09,6.355e+09,1997.83333333333
1997 Dec,116.579284447025,72.6898278844993,11.0719790598837,28.4,28.6,122,11.2,21.4739226513051,11.9721431846607,13000,188.2,106.01,374.1,368.37,80.11,2.45,675,12.8947006246668,6.09,369,101.7,131.6,-22.5,8.802e+09,8.127e+09,1997.91666666667
1998 Jan,118.460057441544,64.2578078498974,11.2366652472733,24.1,29.8,79.8,11.4,18.949794901064,12.0739471233058,500,65.3,83.01,361.2,328.35,81.23,2.49,78,10.4796956644535,6.11,364,69.4,110.3,-9.8,5.706e+09,5.628e+09,1998
1998 Feb,118.3741338022,65.2216749676458,11.3380105933592,30.3,30.4,82.8,11.6,17.6563364021842,12.1418164157358,600,69.6,82.51,362.9,303.94,81.39,2.49,-185,10.2121282148057,6.14,368,72,100.7,0.799999999999997,5.682e+09,5.867e+09,1998.08333333333
1998 Mar,118.316851375971,70.1133005902193,11.4076855187933,25.9,38.3,84.2,11.7,16.4256671508229,12.1350294864928,3100,76.3,88.29,360.4,337.91,81.3,2.49,209,11.910482836004,6.23,389,95.2,104.2,-15.5,6.555e+09,6.346e+09,1998.16666666667
1998 Apr,117.266673561773,66.9582020636593,11.4520241077058,29.5,38.8,90.5,11.7,16.8149604854372,12.1350294864928,800,74.5,86.52,368,314.04,80.67,2.37,114,10.9566181706078,6.27,414,111.5,104.5,-8.6,6.162e+09,6.048e+09,1998.25
1998 May,116.388343026262,59.4588834325295,11.5090308648792,47.6,40.4,82,11.5,18.0707454358059,12.0332255478477,1200,77.6,86.26,370,248.78,80.09,2.37,407,9.62557716272832,9.33,442,128.9,103.8,-8.4,6.045e+09,5.638e+09,1998.33333333333
1998 Jun,115.767783408781,58.7453768313392,11.5216990331399,56.1,48,83.9,11.3,15.1447665014468,12.0332255478477,3400,93,92.21,368.6,180.33,80.32,2.37,735,11.1604604018144,15.91,467,147.4,102.8,-15.7,6.437e+09,5.702e+09,1998.41666666667
1998 Jul,114.965829441576,58.0404323093631,11.540701285531,58.8,44.9,85.7,11.3,15.1196508024394,11.9314216092027,1200,96.1,90.74,359.4,158.72,80.32,2.21,1158,13.8051186123686,16.01,451,173.4,105.1,-9.8,6.653e+09,5.495e+09,1998.5
1998 Aug,113.925198698416,57.3439471216507,11.9650849222657,45.3,48.6,83.2,11.6,14.9187252103804,11.7888960950996,1400,102.3,83.48,343.6,103.46,77.18,2.21,1269,8.19764129999596,17.88,451,290.3,112.6,-2.3,6.175e+09,4.906e+09,1998.58333333333
1998 Sep,112.836832600065,55.7383166022445,16.5572959167827,139.7,46.8,68.3,11.9,16.7772869369261,12.6644099674472,3100,97.7,63.44,365.8,56.06,49.55,2.21,3309,8.84027254809976,20.65,399,423,109,-0.400000000000006,6.339e+09,3.03e+09,1998.66666666667
1998 Oct,112.025331561821,62.3154379613094,17.3110519282965,84.9,49,77.4,12.3,15.7726589766311,13.4041852549347,1200,90.4,60.97,377.6,51.07,45.7,1.91,2947,9.65609418736155,22.6,347,208.2,100.8,-6.8,5.867e+09,2.92e+09,1998.75
1998 Nov,111.414319015378,62.1284916474254,18.2928349685036,36.7,44.8,72.8,12.8,13.7131716580264,14.0828781792352,1900,96.7,59.81,396.9,63.47,47.14,1.91,2806,8.17483039147382,22.86,327,136,101.3,-10.8,5.748e+09,2.942e+09,1998.83333333333
1998 Dec,110.841494753089,67.8443128789886,20.414753152177,27.8,41.7,89.3,13.2,12.3066925136135,14.7547841742927,12300,142.5,67.89,448.3,61.16,43.37,1.91,3581,7.80137666049963,24.16,328,96.1,113.4,-8.60000000000001,7.074e+09,3.493e+09,1998.91666666667
1999 Jan,110.230482206646,61.8740133456376,22.1249558673764,28.1,45.5,58.6,12.2,13.7508452065375,15.7796104899864,700,60.6,49.22,444.2,57.29,42.78,1.79,1815,7.07819779562667,24.16,329,67,92,3.4,4.506e+09,2.691e+09,1999
1999 Feb,110.478706053638,58.223446558245,23.0433980662798,20.4,44.1,62.9,14.6,12.809006493761,16.6551243623341,900,65.7,48.77,463.9,64.34,44.76,1.79,1982,7.28423621469836,24.44,357,70,89.1,-7.2,4.933e+09,2.951e+09,1999.08333333333
1999 Mar,110.707835758554,65.7342711642586,23.683140563447,20.7,45.7,65.5,14.1,15.2201135984689,17.2998826404196,2500,73,54.48,473.8,79.71,46.37,1.79,2365,6.67855286346704,24.21,388,93,94.5,-13.3,5.834e+09,3.469e+09,1999.16666666667
1999 Apr,110.860588895165,61.8559491655673,24.405226154309,15.2,43.8,70.2,13.4,19.0376998475898,17.931067060019,1000,71,54.48,509.6,78,45.75,1.67,3279,7.07433044985865,24.19,464,110.5,92.2,-4.40000000000001,6.557e+09,3.278e+09,1999.25
1999 May,110.851041824127,57.8353124698055,24.9436233053903,7.1,43.5,66.7,12.7,19.113046944612,18.5758253381045,1100,77.5,55.13,542.4,96.46,47.14,1.67,2255,8.03370293329456,24.81,535,129,92.4,-9.39999999999999,5.133e+09,2.878e+09,1999.33333333333
1999 Jun,111.29975416292,58.2499025233524,25.4186796151679,8.4,32.2,69.5,12.3,19.5902452257521,19.261305191648,3400,96.3,59.38,567.7,114.64,48.68,1.67,1443,8.18950647195298,25.05,610,147.9,93,-7.3,5.395e+09,3.952e+09,1999.41666666667
1999 Jul,111.748466501714,60.2192052777007,26.1344311218995,9,38.9,68.2,12.1,23.4957364213988,19.8653418942754,1200,98.8,57.54,583.2,133.55,50.37,1.73,3042,7.8269196399985,26.05,651,184.1,93,0.299999999999997,6.28e+09,3.238e+09,1999.5
1999 Aug,111.070624458004,60.5301478178609,26.4384671601572,9.3,38.5,71.3,12,25.3291824489371,20.8019381298101,1300,105,56.45,590.8,107.12,49.6,1.73,3056,6.82375292809456,26.53,673,304.5,99.1,1.7,6.165e+09,3.109e+09,1999.58333333333
1999 Sep,111.76756064379,62.9140406257561,26.83118037624,18.2,37.8,70.6,12.1,27.7654052526524,22.037159252037,3400,109.3,58.2,597.4,92.31,48.44,1.73,3299,6.63348468870975,27,682,448.4,99.6,-0.300000000000011,6.436e+09,3.137e+09,1999.66666666667
1999 Oct,111.910766709363,63.74322073285,27.1985572558014,16.1,37,72.3,12.4,27.7779631021561,23.2520195865349,1600,103.9,58.43,625.1,94.56,47.76,2.04,3601,7.08087823467728,28.55,663,228.3,101.6,6.8,6.979e+09,3.378e+09,1999.75
1999 Nov,112.073066917012,64.986990893491,27.5342637147109,13.2,38.3,73,12.6,30.8295205315521,24.1546811758545,2200,108.4,60.18,646.5,111.38,47.39,2.04,4144,7.59852703437406,28.65,617,145.4,102.2,19.8,7.607e+09,3.463e+09,1999.83333333333
1999 Dec,112.302196621928,80.8450604416635,27.8763042577508,11.8,31.3,99.3,12.4,31.997400535395,24.6840616568089,12700,174.8,74.87,704.7,130.64,47.05,2.04,5734,8.45723087618462,28.6,588,99,118.5,-44.1,9.726e+09,3.992e+09,1999.91666666667
2000 Jan,112.235367124661,69.0057504792066,28.5223808390483,11.8,34,60.2,12.2,31.6708964482992,25.6817402555306,900,65.4,60.57,695,188.92,45.29,3.06,3912,8.91240469051056,28.4,598,68.8,98.5,19.1,6.801e+09,2.889e+09,2000
2000 Feb,112.922756239408,66.5055421285107,28.8200827931757,11.3,31.3,71.3,12.1,34.6973381786878,26.6319103495513,1100,76.2,60.2,726.6,179.22,45.72,3.06,4521,9.60619265300632,28.23,622,72.9,96.4,13.5,7.95e+09,3.429e+09,2000.08333333333
2000 Mar,113.361921507164,71.3059421618468,29.0037712329563,6.5,29.8,77.2,11.4,34.4964125866288,27.3241771323378,2100,84.5,65.56,751.4,216.38,46.6,3.06,5480,11.4564011148993,28.05,672,97.3,102.5,3.69999999999999,9.142e+09,3.662e+09,2000.16666666667
2000 Apr,113.400109791317,73.4061171764314,29.2634686823014,11.1,29.2,78.3,10.8,28.305392781311,27.7517536746471,1200,82.7,65.69,787.9,217.04,47.3,3.24,4869,13.4098702859292,27.82,775,112.2,100.5,28.7,8.255e+09,3.386e+09,2000.25
2000 May,113.390562720278,64.6053837819818,29.7765294968613,7.6,25.5,75.9,10.2,34.408507640103,28.2336256509005,1400,94.6,66.41,831.6,203.33,49.94,3.24,5067,15.8776906250454,27.75,868,131.1,99.9,43.2,8.469e+09,3.402e+09,2000.33333333333
2000 Jun,113.676974851423,65.6054671222602,30.5366195925055,5.1,23,81,10.1,37.2716973269437,28.885170858229,3100,115.5,70.67,892.2,187.43,50.53,3.24,5141,17.6846397747187,27.75,899,150.3,100.8,18.7,8.733e+09,3.592e+09,2000.41666666667
2000 Jul,114.001575266721,66.0055004583715,31.0813508277171,3.4,22.7,78.4,10,35.8024289350123,29.8557017399787,1300,115.5,69.82,931.2,186.07,52.69,3.59,4974,19.9552268488289,27.82,909,192.8,102.2,23.6,8.576e+09,3.602e+09,2000.5
2000 Aug,113.934745769454,67.4056171347612,31.3853868659748,4.6,20.9,80.2,9.8,37.5354121665211,30.371508362447,1400,128.4,68.77,960.1,224.24,54.49,3.59,5331,20.2889434789792,27.89,937,361.2,108.1,23.5,9.106e+09,3.775e+09,2000.58333333333
2000 Sep,113.514674643775,67.4056171347612,31.8034364185791,3.3,20.5,81.1,9.8,40.9637050810277,30.9416104188594,3200,130.6,70.21,992.4,211.44,56.5,3.59,5204,21.4739342484053,28.16,926,478.5,108.1,17.1,8.954e+09,3.75e+09,2000.66666666667
2000 Oct,113.552862927927,71.6059671639303,32.4748493363982,5.2,20,79.8,9.8,38.8414285149046,31.776402715749,1600,122.8,70.57,1001.2,194.09,58.01,3.93,4765,22.2899094605047,28.4,880,237.3,110.2,23.3,8.897e+09,4.132e+09,2000.75
2000 Nov,113.543315856889,71.6059671639303,32.9625738144365,8.5,18.1,84,9.8,40.8381265859908,32.1700446118433,2000,128.4,71.91,1036.4,175.32,58.82,3.93,5700,24.0352111979134,28.62,821,149.2,111.6,34.3,1.0052e+10,4.352e+09,2000.83333333333
2000 Dec,113.571957070004,76.3063588632386,33.5009709655178,7.3,18.2,104.5,9.9,31.7462435453213,32.4890302862646,11000,198.2,85.42,1144.3,145.81,58.3,3.93,5210,24.2643391490233,28.74,751,98.3,129,-41.3,1.0101e+10,4.891e+09,2000.91666666667
2001 Jan,113.12324473121,69.3057754812901,34.4166495796597,5.4,18.6,67.2,10,32.198326127454,33.0985915492958,1000,70.7,75.43,1079.3,163.1,57.89,4.22,5131,25.8885323121544,28.83,750,69.9,104.3,53.2,8.366e+09,3.235e+09,2001
2001 Feb,113.581504141042,66.905575464622,35.2163215091245,12.1,19.1,75.3,10.2,34.4210654896067,33.4507042253521,900,80.4,71.58,1109.7,170.69,59.17,4.22,4497,24.5907132057421,29.14,760,73.7,103.5,-3.69999999999999,8.245e+09,3.748e+09,2001.08333333333
2001 Mar,113.562409998965,73.00608384032,35.8622103752307,8.3,18.8,82.1,9.6,30.6411527889968,33.6854460093897,2100,88.2,78.6,1149.5,173.06,60.77,4.22,4640,25.9421702182559,29.07,794,98.9,110.4,20.4,8.949e+09,4.309e+09,2001.16666666667
2001 Apr,113.457392217546,69.4057838153179,36.5080992413369,9,17.5,84.7,9.1,32.0853054819208,33.949530516432,1200,88.7,76,1210,170.41,62.1,4.26,4102,27.8682884445058,29.32,900,115.3,110.4,49.9,8.461e+09,4.359e+09,2001.25
2001 May,112.941850381485,69.1057588132344,37.1539881074431,6.9,18.1,79.1,8.6,35.7270818379901,34.330985915493,1300,105.6,78.06,1233.7,198.79,62.9,4.26,3962,29.7486137213168,29.41,1038,135.6,111.5,57.9,8.535e+09,4.573e+09,2001.33333333333
2001 Jun,112.941850381485,68.4057004750396,37.7691203608776,13.2,18,88.9,8.6,34.810358824221,35.1819248826291,3200,123.1,82.51,1294.3,216.34,64.31,4.26,4473,31.2511594218525,29.39,1109,154.5,112,1.30000000000001,9.157e+09,4.684e+09,2001.41666666667
2001 Jul,112.951397452523,69.2057671472623,37.9229034242362,6.2,18.6,86.4,8.6,30.8169626820484,35.387323943662,1400,124.7,84.07,1330.2,203.11,64.01,3.78,3651,32.6945796665958,29.68,1133,222.5,113,29.4,8.08e+09,4.429e+09,2001.5
2001 Aug,112.531326326844,70.2058504875406,37.9229034242362,7.3,18.1,90.5,8.6,32.2359996759651,35.3579812206573,1600,139.4,84.33,1365.5,197.61,62.94,3.78,4420,33.6857620262243,29.9,1153,426.9,120.1,22.2,9.026e+09,4.606e+09,2001.58333333333
2001 Sep,111.939407922477,70.6058838236519,38.16895632561,8.1,17.2,89.8,8.7,32.0727476324172,35.2992957746479,3600,143.1,84.41,1414.4,195.14,62.83,3.78,4286,34.0439984936587,30.14,1143,496.2,119.6,-4.79999999999998,8.489e+09,4.203e+09,2001.66666666667
2001 Oct,111.672089933409,76.4063671972664,38.5687922903425,7.3,17.4,89.9,8.8,25.7184757835514,35.4460093896714,2100,136.4,86.27,1441.2,189.77,63.39,3.24,3178,34.0163637409914,30.68,1077,239.9,123.3,36.9,7.987e+09,4.809e+09,2001.75
2001 Nov,111.25201880773,75.7063088590716,39.0916547057618,13.5,17,90.5,8.9,23.7845669599836,35.5046948356808,2600,139.8,86.61,1439.1,220.3,63.93,3.24,3308,33.2769023322214,30.94,976,158.9,124.4,49.5,8.37e+09,5.062e+09,2001.83333333333
2001 Dec,111.003794960737,77.6064672056004,39.737543571868,23.9,16.5,111.6,8.7,23.3576000768582,35.387323943662,10700,220.9,108,1602.6,242.85,63.83,3.22,2473,32.5424007700954,31.12,887,103,142.7,-45.7,8.221e+09,5.748e+09,2001.91666666667
2002 Jan,110.851041824127,71.9059921660138,40.967808078737,10.7,17.9,75.4,8.6,24.4626908331827,35.4753521126761,1300,70.7,87.16,1502,286.5,64.87,2.79,2681.8,32.3166504981096,31.2,858,72.2,114.8,105,6.732e+09,4050200000,2002
2002 Feb,110.93696546347,68.9057421451787,41.4291572688128,13.3,15.9,83.3,8.4,25.4798766429814,35.2699530516432,1200,80.3,85.33,1522.9,291.78,65.44,2.79,2270.6,32.7682967109096,31.31,829,77.3,112.6,6.19999999999999,6.675e+09,4404400000,2002.08333333333
2002 Mar,110.621912119211,74.9062421868489,41.8905064588887,12.6,15.8,88.4,8.3,29.749545474235,35.2992957746479,2300,91.1,91.39,1562.4,333.55,66.36,2.79,3350.8,33.1792200855329,31.45,853,104.4,120.8,11.5,8.479e+09,5128200000,2002.16666666667
2002 Apr,110.058634927959,72.1060088340695,42.3518556489646,9.7,18.3,98.8,8.3,32.2108839769577,36.0328638497653,1500,91.8,92.03,1621.3,369.63,66.23,2.56,3853.9,35.0245121661148,31.45,927,120.2,121.2,40,9.498e+09,5644100000,2002.25
2002 May,109.371245813211,68.9057421451787,43.090014353086,5.2,17.7,85.1,8.2,31.9346112878766,36.7957746478874,1500,109,92.12,1686,399.88,65.9,2.56,3414.7,38.4958991284185,31.57,1022,139.1,118.5,41.8,8.566e+09,5151300000,2002.33333333333
2002 Jun,109.056192468952,69.9058254854571,43.305310641788,6.4,15.2,92.9,7.5,30.3020908523973,37.9107981220658,3400,127.2,97.55,1751.1,370.71,64.92,2.56,2777.5,39.8479865019094,31.68,1070,156.2,120.6,-19.9,8.228e+09,5450500000,2002.41666666667
2002 Jul,108.731592053654,73.2061005083757,43.6128767685053,13.4,16,97.5,7.3,32.361578171002,38.8791079812207,1700,129.6,99.7,1776.1,359.5,64,2.52,3268.1,39.5635272047297,31.77,1070,230.2,125,54.4,9.273e+09,6004900000,2002.5
2002 Aug,108.044202938906,74.0061671805984,43.643633381177,4.9,14.9,98.3,7.1,33.4415532283191,39.6420187793427,1900,141.2,97.71,1812.5,336.43,64.43,2.52,4300.3,40.596239177547,31.84,1086,410.7,130.8,11.5,9.951e+09,5650700000,2002.58333333333
2002 Sep,107.041760479899,73.7061421785149,43.8281730572074,6.1,13.4,95,7.6,35.5889454934496,40.0821596244132,3700,146.9,97.51,1846.6,336.32,64.42,2.53,4063.1,41.8873375499085,31.78,1061,471.4,131.4,13.8,9.705e+09,5641900000,2002.66666666667
2002 Oct,106.564406927991,78.8065672139345,44.2895222472832,6.8,13.7,104.6,8.1,34.5968753826583,40.9037558685446,2300,140.6,99.17,1884.6,350.49,64.97,2.78,3440.4,43.0343302284237,31.83,985,262.4,135.7,-23.1,9.904e+09,6463600000,2002.75
2002 Nov,105.991582665701,76.2063505292107,45.0276809514046,4.1,14.7,104.5,8.5,30.7667312840337,41.5786384976526,2900,143.8,98.77,1930,353.45,64.99,2.78,2935.6,44.4696967497638,31.6,892,174.6,136.5,-7.5,9.254e+09,6318400000,2002.83333333333
2002 Dec,105.456946687564,80.7067255604633,45.7043264301825,5.1,14.9,127.9,8.8,35.814986784516,41.637323943662,10100,227.8,118.92,2119.6,350.89,64.88,2.81,3881.5,44.0536011604461,31.38,818,102.2,155.9,-121.8,1.1037e+10,7155500000,2002.91666666667
2003 Jan,104.359033518175,75.4062838569881,46.8115644863646,7.3,14.5,88.1,9.3,39.2935110970373,41.8427230046949,1700,76.3,95.85,2026.5,351.82,64.6,3.15,4421.8,45.5336362298987,31.1,805,72,125.2,95.7,9.627e+09,5205200000,2003
2003 Feb,104.273109878831,74.5062088507375,47.5804798031577,2.5,14.1,99.1,9.6,41.0013786295388,42.5176056338029,1500,89.3,94.41,2108,366.41,65.22,3.15,4127.8,49.3259323308073,30.73,838,77.1,123.1,-6.5,9.861e+09,5733200000,2003.08333333333
2003 Mar,103.958056534572,82.5068755729644,48.0725856059053,2.8,13.3,104.1,9.2,38.100515394187,43.1044600938968,2400,101.1,98.95,2208.5,375.29,66.31,3.17037037037036,4951.3,51.7900360460589,30.38,853,103.4,133.1,16.3,1.1592e+10,6640700000,2003.16666666667
2003 Apr,103.356591059168,80.2066838903242,48.5646914086529,2,15.7,108.2,8.8,31.4197394582254,43.5739436619719,1700,103.4,100.13,2311.2,393.96,67.23,3.57777777777778,3346.5,56.1108144046118,30.28,927,118.4,131.9,66.6,1.0172e+10,6825500000,2003.25
2003 May,102.611919518191,76.4063671972664,48.9337707607136,1.3,12.5,102.9,8.5,32.4118095690167,43.5739436619719,1700,125.3,101.63,2432.4,445.75,66.09,3.57777777777778,3941.1,61.1444070692298,30.5,1022,135.5,130.6,56.7,1.0452e+10,6510900000,2003.33333333333
2003 Jun,102.210942534588,76.9064088674056,49.333606725446,1.4,11.8,107.1,8.4,34.5968753826583,43.75,3700,142.3,107.22,2604.5,481.35,67.05,3.58,4441.3,60.6906918184724,30.59,1054,149.8,131.3,-14.5,1.1126e+10,6684700000,2003.41666666667
2003 Jul,101.924530403443,79.8066505542128,49.671929464835,4.1,11.9,109,8.3,35.6642925904717,44.718309859155,2000,144.5,107.87,2625.4,470.83,68.47,3.61,4015.5,60.7098744504945,29.93,1044,210.9,134.8,44,1.1402e+10,7386500000,2003.5
2003 Aug,101.246688359733,79.106592216018,49.4873897888046,3.9,11.8,108.7,8.2,37.460065069499,45.5105633802817,1900,157.9,106.03,2683.2,495.41,68.9,3.61,4982.1,59.0105911005711,29.74,1060,369.6,138.9,3.09999999999997,1.1988e+10,7005900000,2003.58333333333
2003 Sep,100.463828534604,81.3067755646304,49.6411728521633,9.9,13.2,109.8,8.2,34.0317721549924,46.156103286385,3700,165.3,106.99,2732.1,548.5,67.91,3.61,4417.1,58.3303249372292,29.31,1033,513.8,140.5,-0.699999999999989,1.1555e+10,7137900000,2003.66666666667
2003 Oct,100.043757408925,85.807150595883,50.1332786549109,5.2,12.5,116.5,8.2,37.1586766814105,46.537558685446,2500,158.4,111.91,2740.1,595.53,67.87,3.6,4859,61.1837900295389,28.5,969,292.1,145.3,63.9,1.2647e+10,7.788e+09,2003.75
2003 Nov,99.6332333542835,83.5069589132427,50.6253844576584,3.4,12,116.6,8.2,36.1289330221081,46.6255868544601,2700,162.2,113.14,2821.3,523.07,69.05,3.6,4077.5,64.414675474207,28.52,885,179.5,146.2,18.1,1.1541e+10,7463500000,2003.83333333333
2003 Dec,99.2131622286043,92.0076673056088,51.1790034857495,1.4,12.4,152,8.6,37.5228543170174,46.8603286384977,10800,262.4,137.24,3212.7,553.1,68.74,3.6,4672,73.17494672028,28.51,804,101.2,168.7,-172,1.3967e+10,9.295e+09,2003.91666666667
2004 Jan,114.688964381469,81.2067672306025,52.0709452532295,1.1,12.2,106.4,9.1,39.1553747524968,48.7382629107982,1800,91.9,108.01,3214.1,602.67,69.75,3.39,5138,80.2268962443596,28.91,810,71.2,137.3,126,1.1254e+10,6.116e+09,2004
2004 Feb,114.564852457973,82.5068755729644,52.5938076686488,1.2,11.1,108.6,9.5,38.7660814178825,50.3521126760564,1700,109.4,110.49,3335.5,639.28,71.21,3.39,4853.1,82.5580610740957,28.98,810,76.3,136.5,-5.89999999999998,1.2079e+10,7225900000,2004.08333333333
2004 Mar,114.287987397866,88.7073922826902,52.9936436333812,1.8,11.7,113.2,8.9,42.4455313224628,51.0269953051644,2500,122.3,114.8,3430.4,697.53,72.55,3.39,5388.1,79.6387372597276,29.04,843,102.3,148,35.4,1.3956e+10,8567900000,2004.16666666667
2004 Apr,113.944292840492,85.6071339278273,53.5165060488006,5.2,12,119.7,8.2,41.8929859443006,52.1126760563381,1800,122.8,114.11,3483.5,721.69,73.17,3.48,6220,78.9044634071748,29.08,923,118,147.5,111.5,1.4712e+10,8.492e+09,2004.25
2004 May,113.132791802248,82.4068672389366,53.916342013533,9.7,12.8,105.9,7.6,47.6193653179819,53.1983568075118,1800,148.3,114.57,3526.5,612.11,73.17,3.48,5519,81.8492442434082,29.25,1020,134.8,146.5,91.4,1.3615e+10,8.096e+09,2004.33333333333
2004 Jun,112.80819138695,85.0070839236603,54.3161779782654,6.6,11.6,118.5,7.5,44.1910724034753,54.6948356807512,3600,172.7,122.02,3694,580.92,72.71,3.48,6177.5,84.4636804631037,29.22,1043,149.3,146.8,53.6,1.4862e+10,8684500000,2004.41666666667
2004 Jul,112.502685113729,85.807150595883,54.8390403936847,3.8,11.2,120.9,7.4,48.1844685456479,55.3110328638498,2200,163.9,120.55,3634.9,568.42,72.67,3.81,6248.5,84.8575896070373,28.76,1024,239,152.1,127.9,1.5439e+10,9190500000,2004.5
2004 Aug,112.197178840508,87.607300608384,55.0543366823868,4.1,11.6,118.2,7.3,54.0364264143661,56.3380281690141,2400,184.8,118.38,3657.9,553.63,72.81,3.81,7607,84.9484645386186,28.15,1021,405.8,156.6,74.3,1.6759e+10,9.152e+09,2004.58333333333
2004 Sep,111.376130731226,87.007250604217,55.3003895837606,3.1,11.5,118.5,7.7,54.4759511469952,58.0985915492958,4000,186.3,118.74,3727.5,611.04,72.78,3.81,7155.3,91.3282824331569,27.82,998,498.9,158.4,96.1,1.6271e+10,9115700000,2004.66666666667
2004 Oct,111.175642239424,89.7074756229685,55.9155218371951,1.1,10.9,127,8,62.5004169798513,59.1255868544601,2800,175.5,117.31,3798.1,664.01,72.91,4.34,7409.2,103.607146970481,28.11,936,296.7,164.7,122.3,1.7208e+10,9798800000,2004.75
2004 Nov,110.717382829592,91.1075922993582,56.5614107033013,1.1,10.7,130,8.4,54.0615421133735,60.3286384976526,3400,190.4,118.37,3939.9,657.38,72.98,4.34,7429.6,113.702657556934,27.7,858,187.4,167,105.8,1.7807e+10,10377400000,2004.83333333333
2004 Dec,110.287764632875,98.3081923493624,57.1765429567358,1.1,10,169.2,8.3,49.7918732821198,60.3579812206573,13000,297.6,146.18,4363.3,585.21,73.42,4.34,6943.5,120.808798302295,27.86,788,101.4,193,-180.8,1.9247e+10,12303500000,2004.91666666667
2005 Jan,117.419426698384,83.7069755812984,58.6836169776503,1.1,10.8,98.8,8.3,55.606157602327,60.6514084507043,2100,95.2,118.26,4190.3,607.77,75.76,5.06,6047.6,121.198603178905,27.77,755,70.8,151.5,343.5,1.3675e+10,7627400000,2005
2005 Feb,117.934968534445,87.607300608384,59.4217756817716,1.1,10.6,118.1,8.3,57.213562338799,61.4143192488263,1800,117.4,118.74,4311.4,665.44,76.83,5.06,6686.4,130.426592480299,28.19,740,75.6,151.4,115.8,1.5867e+10,9180600000,2005.08333333333
2005 Mar,118.612810578154,93.3077756479706,60.1906909985648,1,10.5,130.4,8,66.6570651655718,62.9401408450705,2800,131.9,127.17,4474.6,688.99,77.36,5.06,8527,133.651322142449,28.64,777,102.3,164.4,196.1,1.9549e+10,1.1022e+10,2005.16666666667
2005 Apr,118.26911602078,89.7074756229685,60.8673364773427,1.3,10.3,135.7,7.6,65.1250075261219,64.524647887324,1900,133.9,124.5,4586.8,688.88,79.06,5.51,9030.9,140.524022130963,28.64,871,118.1,167.7,130.8,1.9515e+10,10484100000,2005.25
2005 May,117.161655780353,84.9070755896324,61.3594422800903,3,11,126,7.3,61.1190535344457,66.255868544601,1900,155.8,124.74,4688.6,658.18,79.81,5.51,9650.9,143.628596135144,28.56,995,135.7,167.9,133.4,2.0047e+10,10396100000,2005.33333333333
2005 Jun,116.817961222979,90.2075172931077,61.7592782448227,4,10.9,134.8,7.3,68.2016806545253,66.2852112676057,3900,192.3,132.85,4927.4,686.04,80.59,5.51,8243.2,147.775901944161,28.53,1041,149.8,167,151.1,1.9131e+10,10887800000,2005.41666666667
2005 Jul,116.856149507132,89.9074922910242,62.0360877588682,3.4,10,135.6,7.2,72.308097442231,66.637323943662,1900,186.5,132.19,4985.8,752.18,80.61,6.13,9396.8,140.895551512009,28.5,1032,248.3,171.9,137.6,2.1191e+10,11794200000,2005.5
2005 Aug,116.579284447025,91.8076506375531,61.9745745335248,2.4,10.5,131.8,7.1,80.4832574691314,67.9577464788733,2600,202,132.98,5136,832.56,79.41,6.13,9669.6,146.025587230123,28.73,1048,414.3,177.5,147.8,2.1378e+10,11708400000,2005.58333333333
2005 Sep,115.987366042659,92.4077006417201,62.1283575968834,1.4,10.5,140.9,7.2,79.0893361742221,69.8650234741785,4400,208.4,135.91,5292.8,929.32,79.49,6.13,9611.1,155.830304072072,28.74,1037,515.4,180.6,-30.2,2.1402e+10,11790900000,2005.66666666667
2005 Oct,115.977818971621,94.8079006583882,62.4666803362724,2.9,10.6,140.7,7.3,73.4885352955776,70.5105633802817,2700,195.5,133.46,5314,939.71,80.97,6.96,9229.4,161.240750570101,28.13,979,291.4,186.3,345.2,2.1831e+10,12601600000,2005.75
2005 Nov,115.700953911514,96.8080673389449,62.9280295263482,5.7,11.4,144.1,7.5,69.7337382939751,69.8943661971831,3600,223.5,135.86,5436.2,998.61,81.61,6.96,8268.6,164.666262950362,28.11,902,190.6,187.8,229.7,2.1792e+10,13523400000,2005.83333333333
2005 Dec,115.395447638293,102.508542378532,63.4201353290958,4.8,11.1,201.9,7.7,71.265795933425,68.4272300469484,14000,340.3,170.78,6045.6,1100.04,81.48,6.96,9439.5,175.891410531917,27.7,817,107,222,-230.6,2.4647e+10,15207500000,2005.91666666667
2006 Jan,113.533768785851,87.7073089424118,64.9887225753538,3.1,10.2,109.8,7.7,79.8302492949397,68.7793427230047,1800,102.1,131.16,5842.9,1283.58,83.08,7.66,11381.9,181.400854946288,27.22,798,71.9,168.7,298.9,2.0524e+10,9142100000,2006
2006 Feb,113.877463343225,88.7073922826902,66.0652040188641,3.1,10.7,129.5,7.9,75.2466342260938,71.0387323943662,1500,124.1,132.47,5919.6,1393.66,85.42,7.66,10361,189.049892096964,26.94,812,76.5,167.5,149.5,2.1449e+10,1.1088e+10,2006.08333333333
2006 Mar,113.915651627377,98.9082423535294,66.5880664342834,3.3,10.2,143.3,7.8,78.172613160453,72.505868544601,3000,150.9,140.68,6169.4,1412.61,86.82,7.66,10850.7,198.676587180307,26.94,862,104.1,184,266.9,2.4439e+10,13588300000,2006.16666666667
2006 Apr,113.829727988034,93.5077923160263,66.8341193356572,3.3,10.7,149.5,7.6,88.4574919039728,72.9166666666667,2200,151.9,139.28,6360.1,1571.14,86.78,8.14,11157.1,218.520764136768,26.82,962,120,187.8,135.3,2.3652e+10,12494900000,2006.25
2006 May,113.190074228477,94.2078506542211,67.1416854623745,2.4,10.9,149.8,7.5,88.1435456663806,74.237089201878,2200,190.9,144.43,6693.1,1581.92,86.55,8.14,12556.9,239.270577740749,26.72,1090,137.4,189.9,344.1,2.677e+10,14213100000,2006.33333333333
2006 Jun,112.941850381485,94.6078839903325,67.3569817510765,2.8,10.4,159.5,7.2,86.4733516823902,74.8239436619719,5000,227.8,155.99,7092.3,1391.33,87.81,8.14,9212.3,243.174226942848,26.79,1140,151.3,192.7,228.8,2.5137e+10,15924700000,2006.41666666667
2006 Jul,112.846379671103,95.8079839986665,67.7875743284807,2,10.1,154.9,6.9,92.8025078322486,76.1443661971832,2200,209.8,152.55,7230.7,1514.07,88.28,8.4,10655.1,257.859014422524,26.77,1134,246.8,198.7,230.8,2.5482e+10,14826900000,2006.5
2006 Aug,112.531326326844,99.3082756896408,67.9106007791676,2.3,10.3,157.9,6.5,92.4383301966416,77.7875586854461,2900,237.1,152.1,7449.3,1628.79,88.17,8.4,12189,252.184118778369,26.3,1152,404,204.9,323.2,2.7853e+10,1.5664e+10,2006.58333333333
2006 Sep,112.139896414279,98.7082256854738,67.972114004511,3.5,10.5,155.3,6.6,78.8256213346447,78.8438967136151,5200,249.9,155.75,7757.5,1560.64,88.59,8.4,9615.8,258.705025307995,26.37,1140,536.5,206.5,153.5,2.5392e+10,15776200000,2006.66666666667
2006 Oct,112.493138042691,103.008584048671,68.1874102932131,4.1,10,158.6,6.7,73.312725402526,76.6725352112677,3400,243.4,154.5,7769.6,1596.05,88.74,8.65,6645.9,264.956683413679,26.55,1094,316.5,215,293.1,2.4049e+10,17403100000,2006.75
2006 Nov,112.617249966187,103.908659054921,68.6180028706173,6.2,10.6,163.7,6.7,73.4383038975629,74.7946009389672,4700,264.1,157.28,8014.1,1699.03,88.48,8.65,6584,280.969254999941,26.15,1022,216.5,215.2,202.6,2.4382e+10,1.7798e+10,2006.83333333333
2006 Dec,112.29264955089,108.209017418118,69.1408652860366,5,10.5,231.6,6.9,78.2479602574751,75.5281690140845,16100,410.1,196.92,8995.8,1849.23,88.25,8.65,6766.5,295.567569937126,26.02,936,113.3,256.3,-367.9,2.8354e+10,21587500000,2006.91666666667
2007 Jan,115.004017725728,96.2080173347779,70.3096165675621,3.3,10,120.9,7.1,68.1891228050216,76.9366197183099,3000,130,156.75,8700.8,1829.89,90.11,8.39,8466.5,295.560718543478,25.74,915,73.8,193.5,371.1,2.1287e+10,12820500000,2007
2007 Feb,115.471824206598,95.1079256604717,71.0785318843552,3.8,9.9,148.3,7.2,72.5341387332974,76.8485915492958,2500,149.9,159.41,8902,1898.08,90.89,8.39,7464.7,305.869405237409,25.9,938,78.5,192.5,137.2,2.2945e+10,15480300000,2007.08333333333
2007 Mar,115.586389059056,105.608800733394,71.5091244617594,4.8,10,157.1,6.8,78.0344768159124,76.8192488262911,4000,172.7,168.02,9412.6,1841.69,88.44,8.39,7372.6,330.334415185607,25.82,1000,108.6,210.8,267.3,2.5945e+10,18572400000,2007.16666666667
2007 Apr,115.624577343209,100.008334027836,71.9089604264918,3.3,9.8,164.6,6.4,84.6399056548519,80.1349765258216,2900,181,167.51,10006,1959.48,91.28,7.83,8630.6,360.410418484164,25.55,1141,125,216.1,148,2.6994e+10,18363400000,2007.25
2007 May,114.803529233927,100.70839236603,72.3703096165676,3.3,9.5,164.6,5.9,84.7403684508814,84.4190140845071,2800,230.7,170.53,10699.3,1843.92,91.46,7.83,9482.7,394.749161824509,25.62,1339,143.1,220.2,317.6,2.8681e+10,19198300000,2007.33333333333
2007 Jun,114.555305386934,101.508459038253,73.0469550953456,3.4,9.5,173.2,5.8,89.5625826602973,86.5316901408451,6000,279,181.27,10857.7,1859.7,91.84,7.83,5798.9,397.398215763105,24.94,1385,157.9,224,223.2,2.6194e+10,20395100000,2007.41666666667
2007 Jul,114.870358731194,104.608717393116,73.6928439614518,3.5,9.2,173.7,5.7,96.9465981684653,87.1478873239437,3100,258,177.65,10923.5,2008.03,92.37,7.79,7817.8,407.494972236465,24.67,1389,257.9,230.7,355.5,2.9083e+10,21265200000,2007.5
2007 Aug,114.78443509185,105.708809067422,73.7543571867952,5.2,9.9,174.6,5.6,88.9095744861055,88.9377934272301,3700,272.5,173.92,11156.8,1902.31,92.4,7.79,8323.5,407.110762897422,24.4,1418,427.4,240.4,300.1,3.0318e+10,21994500000,2007.58333333333
2007 Sep,114.373911037209,103.408617384782,74.338732827558,6.2,10.4,175.8,5.6,96.8586932219395,88.3802816901409,6000,282.6,177.92,11494,1964.47,92.39,7.79,7117.7,415.263656101128,24.53,1380,538.1,241.1,62.6,2.768e+10,20562300000,2007.66666666667
2007 Oct,114.717605594583,108.809067422285,75.568997334427,5.7,10.6,176,5.6,104.280382278619,88.3215962441315,4100,308,179.16,11421.7,2144.76,92.89,8.56,9989.5,436.007046852248,24.43,1321,325.3,249,783.2,3.4437e+10,24447500000,2007.75
2007 Nov,114.622134884202,110.209184098675,76.4916957145787,6.3,10.8,188.3,5.7,116.197781457618,91.0798122065728,5900,328.3,185.43,12163.3,2207.28,93.51,8.56,10326,452.162374991323,24,1221,222.8,250.5,-442.8,3.5197e+10,2.4871e+10,2007.83333333333
2007 Dec,114.478928818629,113.609467455621,77.352880869387,4.4,10.8,258.7,6.1,114.84153371122,94.4542253521127,16400,541.4,232.72,13272.1,2282.9,94.06,8.56,10348.2,466.750420317849,23.49,1126,117.8,301.4,-518.1,3.7769e+10,27420800000,2007.91666666667
2008 Jan,115.242694501682,102.608550712559,79.136764404347,2.8,10.4,130.9,6.6,115.431752637893,95.9800469483568,3200,157,179.19,12914.8,2112,95.22,10.27,16756.2,475.071981968964,23.66,1122,77,226,561,3.387e+10,17113800000,2008
2008 Feb,115.901442403316,102.808567380615,80.0902193971705,4.3,11,164.2,7.1,119.073528993962,96.5962441314554,2600,188.9,184.39,13080.4,2007.43,95.5,10.27,12020.3,481.0107949051,23.74,1164,83.2,228.5,133.1,3.5095e+10,23074700000,2008.08333333333
2008 Mar,115.949177758506,109.409117426452,81.0436743899939,4.3,11.3,164.5,6.5,129.697469674082,97.3004694835681,4400,212.1,192.13,13382.9,2023.73,96.56,10.27,13845.2,498.889532345746,23.4,1236,115.2,245.4,304.2,3.9407e+10,25561800000,2008.16666666667
2008 Apr,115.710500982552,105.708809067422,82.2124256715195,4.2,11.2,181.3,6,138.688889918722,101.701877934272,3000,225.9,194.06,13347.7,2119.09,97.98,11.9,12792.9,519.757600868374,23.42,1375,133.2,248.1,794.6,4.0525e+10,27732100000,2008.25
2008 May,114.88945287327,105.208767397283,83.3196637277015,3.7,11,171.7,5.4,155.641986748699,105.281690140845,2900,274.5,192.89,13724.5,2363.94,98.47,11.9,15763.4,533.109273194617,24.57,1553,152.9,253.6,260.5,4.2478e+10,26714600000,2008.33333333333
2008 Jun,114.431193463438,104.40870072506,84.1193356571664,3.7,11.3,180.2,5.6,167.082187646558,110.475352112676,5600,310.7,203.31,14244.7,2360.42,99.05,11.9,15181.9,555.181626275376,25.37,1527,169.4,256.6,-25.2,4.3024e+10,27842100000,2008.41666666667
2008 Jul,114.488475889667,106.608884073673,84.5499282345705,4.4,11.4,184.8,5.7,168.149604854372,116.402582159624,3900,285.2,203.31,14210,2123.88,99.44,14.36,14991.4,582.679002541125,26.98,1530,286.5,266.4,1045.7,4.6546e+10,31554600000,2008.5
2008 Aug,114.144781332293,106.708892407701,84.826737748616,5.8,11.8,189.6,5.8,142.971116599479,116.960093896714,3800,300.6,197.61,14530.1,1745.25,99.06,14.36,15109,569.122686672087,27.62,1542,499.2,275.4,231.8,4.4952e+10,2.9843e+10,2008.58333333333
2008 Sep,113.676974851423,106.408867405617,85.5341398400657,7.1,12.7,175.5,6.2,124.398057183526,111.091549295775,5800,325.6,201.76,14374.6,1354.56,98.31,14.36,13021,542.839281210989,29.36,1553,598.4,276.6,131.7,4.2974e+10,2.9953e+10,2008.66666666667
2008 Oct,113.447845146507,107.108925743812,86.3030551568588,7.6,14.1,174.8,6.6,91.4713757848577,103.755868544601,4700,328.8,198.94,13519.7,790.28,100.28,16.02,9000.9,472.0053950669,35.37,1427,382.2,281,397.2,3.8383e+10,29382100000,2008.75
2008 Nov,112.216272982584,96.4080340028335,87.0104572483085,9.5,15,179.5,7,66.8579907576308,95.0704225352113,5800,326.9,196.75,13226.2,677.39,101.83,16.02,6169.4,442.391531992347,35.72,1183,257.3,271.4,-454.6,2.9353e+10,23183600000,2008.83333333333
2008 Dec,110.488253124676,99.0082506875573,87.625589501743,8.3,15.5,230.9,7.8,52.2155382363315,87.8521126760563,18400,505.3,240.63,13493.2,647.09,97.73,16.02,4108.2,411.749600260499,33.86,895,123.1,316.7,-1367.9,2.9692e+10,25583800000,2008.91666666667
2009 Jan,107.519114031807,83.9069922493541,89.7170391634202,16.3,17.1,125.6,8.7,56.3345128735409,84.8591549295775,3100,129.4,185.76,11990.7,555.8,88.75,16.02,7560,371.437617617237,32.94,836,78.8,236.3,582.9,1.8868e+10,1.1308e+10,2009
2009 Feb,106.955836840556,84.7070589215768,91.193356571663,9.3,16.6,168.4,9.4,54.3032807163195,89.1725352112676,2800,157,182.98,12021.3,552.88,84.09,14.47,2888,368.157108411821,30.92,875,84.7,226.1,-265.5,1.7419e+10,1.4531e+10,2009.08333333333
2009 Mar,106.058412162968,93.707808984082,92.3621078531885,8.7,16.1,174,9.2,58.8198254525888,91.7253521126761,4500,174.8,191.03,12111.7,653.04,87.87,11.47,5814,368.06495816564,31.05,920,117.9,239.3,-91,2.1467e+10,1.5653e+10,2009.16666666667
2009 Apr,104.90321656735,89.8074839569964,93.0079967192947,8.6,16,186.4,8.8,63.8506847979144,93.9847417840376,3300,178.7,188.35,12339.1,789.69,89.94,8.6,3275.4,368.347953431772,31.22,1078,135.9,237.3,-210.8,1.8836e+10,15560600000,2009.25
2009 May,103.853038753152,88.7073922826902,93.5616157473858,7.1,15.9,181.3,8.5,72.7577880530297,94.5715962441315,3000,206.4,187.22,12861.1,969.9,92.05,8.6,6732.5,387.280338524615,31.82,1222,155.5,240.7,-178.3,2.1159e+10,14426500000,2009.33333333333
2009 Jun,103.060631856985,90.8075672972747,94.1152347754768,6.8,15.6,186.4,8.3,86.1388562365193,96.5962441314554,4900,241.4,199.02,13161,984.39,93.76,8.6,7437.1,395.890314142226,30.02,1178,167.6,241.6,-414.3,2.3573e+10,16135900000,2009.41666666667
2009 Jul,102.230036676664,93.8078173181098,94.6996104162396,6.5,14.9,181.4,8.1,81.5211910302839,98.3274647887324,4100,229.6,194.24,13121,943.74,92.49,6.79,9431.7,384.875421634386,29.04,1148,287.4,246.9,1.59999999999991,2.6166e+10,16734300000,2009.5
2009 Aug,101.762230195794,92.8077339778314,94.6996104162396,6.6,15.2,174.3,7.9,91.0503888300674,99.7359154929577,4000,245.3,189.19,13305,1057.35,90.89,6.18,10505.2,391.875533691575,29.12,1121,441.3,250.9,9.70000000000005,2.6805e+10,16299800000,2009.58333333333
2009 Sep,101.599929988145,95.0079173264438,94.6688538035679,7.2,14.7,180.4,7.6,85.0000876110713,100.909624413146,5300,271.2,194.3,13649.5,1186.42,92.41,6.18,10120.9,394.516296693661,30.2,1104,642.6,250.4,-383.2,2.8613e+10,18492100000,2009.66666666667
2009 Oct,101.514006348802,99.1082590215851,94.6688538035679,5.8,14.1,191.6,7.7,91.9160378195565,100.029342723005,4740,283.5,193.72,13874.7,1378.36,95.13,6.45,9912.1,414.024038812328,30.39,1005,407.9,258.6,28.5,3.0162e+10,20249900000,2009.75
2009 Nov,101.189405933504,99.9083256938078,94.9456633176134,5.3,13.8,186.2,8.2,96.7414866265717,99.5011737089202,5800,288,197.4,14224.1,1412.71,96.35,6.45,10113.8,424.690157401522,30,893,262.7,256.1,-203,3.04e+10,20286200000,2009.83333333333
2009 Dec,100.731146523672,106.508875739645,95.3454992823458,5.1,13.7,261.1,8.2,93.7688914326915,100,14300,480.6,245.37,15697.7,1411.16,94.19,6.45,11049,416.648888637787,29.49,724,131.5,308,-1303.2,3.3687e+10,2.2638e+10,2009.91666666667
2010 Jan,99.9960220537338,91.0075839653304,96.9140865286038,4,13.9,146.7,9,95.9080640145104,98.943661971831,3100,118.1,188.2,15331,1519.89,96.66,7.59,14720.8,413.508877512135,29.14,802,78.8,239,396,2.6977e+10,12256200000,2010
2010 Feb,100.129681048268,90.9075756313026,97.7137584580686,3.8,12.7,180.3,8.5,93.3198912318005,100.909624413146,2900,145.3,188.38,15565.9,1415.01,98.35,7.59,13331.1,413.332645171943,30.48,888,84.9,231.4,-152.3,3.0094e+10,16762900000,2010.08333333333
2010 Mar,100.349263682146,102.408534044504,98.3596473241748,3.6,11.8,185.4,8.5,99.552078943752,102.758215962441,3600,176,202.51,15996.5,1516.44,100.94,7.59,12712.4,423.317926720857,31.24,987,119,250.4,-1.29999999999995,3.2992e+10,20279600000,2010.16666666667
2010 Apr,100.272887113841,96.5080423368614,98.6364568382203,3.3,11.4,198.7,8.1,106.652103400792,106.015258215962,3800,185,199.88,16435,1617.56,102.68,8.35,11898.6,435.560292831432,30.21,1174,136.3,251.9,66.5999999999999,3.2693e+10,20794400000,2010.25
2010 May,99.9578337695811,95.9079923326944,99.1285626409679,2.8,11.3,187,7.2,95.7547984512821,108.890845070423,3100,221.5,198.28,16813.9,1400.68,102.57,7.87,10147.7,428.98884495651,30.85,1323,155.8,257.9,-20.0999999999999,3.1106e+10,20958300000,2010.33333333333
2010 Jun,99.8050806329705,97.4081173431119,99.5283986057003,2.6,11.4,195,6.7,93.9806624402308,105.516431924883,5100,271.5,212.36,17190.3,1382.25,101.96,8.06,10294.3,432.990703894774,30.54,1279,160.9,261,-16.5999999999999,3.1554e+10,21259700000,2010.41666666667
2010 Jul,99.776439419856,98.1081756813067,99.897477957761,2.6,10.5,196.8,6.8,93.8516590771475,106.161971830986,3100,232.7,207.05,17330.1,1402.14,101.38,8.48,7833.9,448.037306768742,30.81,1270,258.1,268.8,21.2,3.0726e+10,22892100000,2010.5
2010 Aug,99.7000628515507,99.2082673556129,100.451096985852,2.6,10,185.6,6.7,96.3101435231648,109.62441314554,3800,265.7,200.4,17663.8,1458.5,101.66,8.57,5294.5,447.068424023639,31.36,1256,336.3,273.7,-46.3000000000002,3.126e+10,25965500000,2010.58333333333
2010 Sep,99.7668923488178,100.908409034086,101.281525527989,2.6,9.7,187.8,6.5,97.6835156097954,108.245305164319,4500,291.8,201.2,17909.2,1477.95,99.59,8.49,8140.1,458.314558239621,30.5,1236,481.3,269.3,-137.6,3.367e+10,25529900000,2010.66666666667
2010 Oct,100.091492764115,106.208850737561,101.773631330736,2.7,8.9,196.6,6.7,104.12729611324,110.651408450704,4600,305.8,199.8,18099.7,1581,97.64,8.64,7690.7,463.760064159349,29.81,1167,392.8,277.9,-73.3999999999999,3.4589e+10,26898300000,2010.75
2010 Nov,100.186963474497,107.308942411868,102.604059872873,3.2,9.1,195.8,6.6,107.583096698088,115.522300469484,5900,318.9,203.2,18529.4,1605.15,96.86,8.71,7507.6,448.775610954255,28.9,1081,244.3,276.8,-136.3,3.4506e+10,26998400000,2010.83333333333
2010 Dec,99.9673808406193,114.10950912576,103.711297929055,3,9.1,274.8,7,115.276690496195,116.666666666667,15000,546.6,262.1,20173.5,1733.3,99.71,8.73,12855.4,443.585838959012,28.45,982,132.3,329.7,-1485,4.2507e+10,29651600000,2010.91666666667
2011 Jan,100.597487529138,96.6080506708892,106.171826942793,2.7,8.6,146.4,7.6,120.924914806506,119.19014084507,2600,118.1,190.8,19303.4,1877.68,103.74,9.19,11739.2,450.757642890731,27.41,1039,80.2,248.2,468.9,2.959e+10,17850800000,2011
2011 Feb,101.494912206726,95.8079839986665,107.002255484929,2.8,8.7,179.5,7.4,130.545752408056,123.180751173709,2700,153.3,189.1,19531.3,1899.62,105.25,9.14,15786,458.041879792168,27.97,1113,86.5,245,-12.9000000000001,3.9623e+10,2.3837e+10,2011.08333333333
2011 Mar,101.714494840603,106.208850737561,107.648144351036,3.1,8.7,178.6,7,143.713667700567,124.853286384977,4000,181.5,206,19786.8,1988.45,107.22,9.12,12987.6,465.447784560369,27.87,1232,121,263.1,361.1,4.2461e+10,29473400000,2011.16666666667
2011 Apr,101.724041911642,101.808484040337,108.109493541111,3.3,8.4,195.8,7.1,154.650514630741,127.318075117371,3100,195.3,203.7,20046.6,2051.23,106.6,10.03,16192.1,483.217161532788,27.69,1444,138.4,265.5,355.2,4.5803e+10,29610900000,2011.25
2011 May,100.511563889795,101.808484040337,108.632355956531,3.8,8,177.6,6.2,143.73486217384,128.638497652582,2900,241.7,204.7,20188.7,1868.02,107.84,10.02,13316,480.136417126654,28.93,1579,157.8,273,270.3,4.4039e+10,3.0723e+10,2011.33333333333
2011 Jun,100.229734352748,103.708642386866,108.878408857905,3.7,8.6,196.6,6,142.85524189724,125.733568075117,5400,292.5,216.4,20742.6,1885.72,108.65,10,13430.2,484.004475343899,32.1,1563,164.1,276.2,303.8,4.3656e+10,30225800000,2011.41666666667
2011 Jul,100.282434184879,103.608634052838,108.878408857905,3.9,7.9,195,6.4,146.248715319941,123.435543927723,3700,257.7,211.6,20847.5,1951.14,108.82,11.2,11894.5,490.248467013291,30.13,1521,296.3,285.3,336.8,4.1435e+10,29540500000,2011.5
2011 Aug,100.101039835154,105.108759063255,108.632355956531,4,7.9,186,6,138.238445316959,127.460616012323,3900,298.1,207.6,21083.8,1675.51,104.86,11.11,11471.2,496.362082486188,31.39,1471,423.4,296.2,274.3,4.3842e+10,32370800000,2011.58333333333
2011 Sep,99.9100984143903,105.508792399367,108.570842731187,4.5,8,191.1,6,139.240293674202,128.090627295129,5500,324.4,211.3,21497.4,1531.45,100.61,11.11,13511.9,472.48819201534,32.17,1442,670.5,294.7,67.9000000000001,4.3037e+10,29525100000,2011.66666666667
2011 Oct,100.416093179413,109.809150762564,109.093705146607,4.9,8.6,193,6.2,137.468984538363,129.245647980276,5000,356.2,211.5,21380.9,1417.63,99.33,12.11,13674.8,476.95655992703,30.26,1361,551.4,303.3,275.3,4.5247e+10,31572200000,2011.75
2011 Nov,100.41312404032,111.509292441037,109.555054336683,5,8.8,197.2,6.2,138.769374317814,130.470669919067,6500,360.1,216.8,21961.9,1496.66,102.84,12.02,13696.5,462.683343389604,29.04,1263,343.2,300.2,-59.9000000000001,4.6427e+10,32730500000,2011.83333333333
2011 Dec,100.158322261383,118.809900825069,110.04716013943,5.4,9.3,284.4,6,135.587101091311,130.692488262911,17000,630.9,291.4,24543.4,1420.82,102.52,12.11,17297.5,453.948219572556,29.34,1161,138.6,360.6,-1780,5.0248e+10,32950500000,2011.91666666667
2012 Jan,99.604592141169,100.108342361863,110.570022554849,4.8,8.8,147,6.3,139.384138132153,130.281690140845,3100,137.5,210.4,23677.9,1486.65,103.84,12.33,18441.9,456.544793398295,29.4,1260,82.2,267.2,413.4,3.9497e+10,21055100000,2012
2012 Feb,99.8623630591995,102.308525710476,111.000615132254,4.4,8.9,184.5,6.2,150.320448523304,131.660798122066,2800,178,212.1,23851.3,1654.32,107.03,12.22,17711.4,463.808657798264,32.94,1373,89.8,265.8,-187.5,4.4877e+10,27165600000,2012.08333333333
2012 Mar,99.9960220537338,109.609134094508,111.64650399836,5.1,9.2,184.5,6.3,156.883501415541,134.477699530516,3900,200.9,224.2,24041.3,1700.59,109.67,12.51,15412.5,465.660727911017,32.85,1499,126.9,284.2,294,4.6658e+10,31245500000,2012.16666666667
2012 Apr,99.9291925564666,104.208684057005,111.984826737749,5.3,9,198.6,5.6,151.436303150631,135.357981220657,2900,212,226.2,24247.2,1608.15,109.29,12.57,15454.9,476.453861627381,32.21,1708,145.3,284.8,116.5,4.4903e+10,29448100000,2012.25
2012 May,99.2704446548333,105.208767397283,112.569202378511,5.8,8.9,187.2,5.2,138.791536688578,132.159624413146,3100,275.6,230.5,24450.1,1384.26,106.96,12.57,14501.4,465.126251354637,32.51,1825,165.2,294.1,414.5,4.5473e+10,30971600000,2012.33333333333
2012 Jun,98.9172030264212,105.208767397283,113.553413984007,5.8,9.3,211.6,5.2,120.039287420079,131.132629107981,5200,319.9,238.1,24764,1296.74,102.22,12.56,11133.1,467.989598926827,30.92,1754,169.5,298,89.4000000000001,4.081e+10,29676900000,2012.41666666667
2012 Jul,98.8854303740062,107.308942411868,114.968218166906,5.6,9.5,196.6,5.2,129.522801403712,129.665492957747,4200,284.1,228.6,24646.4,1369.21,105.03,11.38,8485,461.861712696979,31.3,1709,285.3,303.3,261.7,4.1155e+10,3.267e+10,2012.5
2012 Aug,98.6403379663144,109.709142428536,115.060488004921,5.3,9.1,201.3,5,142.330666274791,136.326291079812,4300,316.5,220.1,24573.5,1421.08,105.86,11.4,8164.1,464.856554522417,30.82,1636,405.6,311.8,191.2,4.1119e+10,32954900000,2012.58333333333
2012 Sep,98.7453557477342,107.908992416035,115.706376871027,5.5,8.9,200.3,5,142.384037135182,142.899061032864,5100,328.5,221.2,24657.5,1486.96,105.55,11.38,12829.6,476.378604740394,30.32,1571,612.8,310.3,-7.79999999999995,4.293e+10,30100400000,2012.66666666667
2012 Oct,99.2322563706806,113.609467455621,116.229239286447,6.1,9.1,200.3,5.1,140.61460884044,140.580985915493,5500,389.9,227,24739.2,1479.5,106.92,11.57,11167.3,475.257484657375,30.03,1484,470.4,317.4,192.7,4.654e+10,35372700000,2012.75
2012 Nov,99.1081444471845,115.109592466039,116.629075251179,6.1,9.1,215.1,5.2,137.774450150317,138.93779342723,7200,370.8,231.7,25080.6,1411.41,106.89,11.64,11622.3,476.240034052395,30.52,1388,310.6,315.2,-43.5,4.5268e+10,33645700000,2012.83333333333
2012 Dec,98.8408264581159,122.210184182015,117.244207504614,6.2,9.4,300,5.1,137.684261958427,137.411971830986,18400,630.4,306.1,27405.4,1497.75,108.1,11.64,13162.5,486.576821774557,31.04,1298,140.6,378.5,-1471.7,4.8203e+10,35040500000,2012.91666666667
2013 Jan,97.6474425783453,99.7083090257521,118.382202173467,5.4,8.8,148.2,6,141.81415646477,136.795774647887,3600,143.1,222.6,26745,1596.31,110.73,11.39,14946.2,480.193317999606,31.01,1420,83.5,279,288.4,3.8836e+10,23889800000,2013
2013 Feb,98.0293254198719,99.1082590215851,119.058847652245,5.7,9.6,197.1,5.8,146.24243639519,137.852112676056,2900,180,220.3,27169.9,1580.03,111.56,11.36,12720.4,475.649059390348,31.82,1584,91.2,274,-192.7,4.1855e+10,29134600000,2013.08333333333
2013 Mar,98.1247961302536,109.409117426452,119.48944022965,6,10,202.7,5.7,137.181947978279,138.556338028169,3900,206.8,236.9,27465.9,1498.22,111.52,11.36,13250.8,477.255026682155,32.71,1698,128.5,297,195.2,4.446e+10,31209200000,2013.16666666667
2013 Apr,98.1438902723299,105.408784065339,120.073815870412,6.2,10.2,216.8,5.6,129.189447580524,136.913145539906,3700,215.7,246.8,27841.2,1391.46,109.99,11.64,11643.4,486.349017169309,33.01,2002,146.4,297,105.2,4.4474e+10,32830600000,2013.25
2013 May,97.6092542941927,104.608717393116,120.873487799877,6.4,9.9,188,5.2,129.379701482292,135.592723004695,3400,274.2,242.9,28083.5,1405.84,111.08,11.41,11974.1,473.392062680325,33.23,2085,166.2,303.8,174,4.098e+10,29005900000,2013.33333333333
2013 Jun,97.2846538788951,107.008917409784,121.396350215296,6.3,9.5,216.4,5.4,129.483986232519,136.147341598359,5100,319.7,252.3,28506.1,1281.47,107.14,11.32,10766.5,475.233185071132,32.47,1975,171.5,309,-34.8,4.1836e+10,31069500000,2013.41666666667
2013 Jul,97.2560126657806,108.10900908409,122.380561820792,6.1,9.2,205.8,5.3,135.268240912609,138.908450704225,4200,290,244.3,28734.3,1328.68,107.1,10.98,10427.3,470.215298938486,32.06,1817,300.7,316.7,201.6,4.371e+10,33282700000,2013.5
2013 Aug,96.7882061849105,109.50912576048,122.565101496822,6.1,9.3,210.1,5.2,139.347606206324,142.81103286385,5100,312.9,236.4,28779.2,1319.8,105.4,10.97,11330.6,464.200817724833,33.16,1776,418.6,324.9,111.7,4.2531e+10,31200400000,2013.58333333333
2013 Sep,96.6927354745289,109.309109092424,122.811154398196,6.3,9.5,202.1,5.3,140.172510138658,144.844613495802,6800,323.8,236.9,28629.3,1392.55,106.38,10.96,13221.6,479.449431982873,32.68,1721,623.3,320.4,64.7,4.4807e+10,31585400000,2013.66666666667
2013 Oct,97.0173358898265,114.809567463955,123.518556489645,6.1,9.2,211.8,5.5,137.481698385998,143.154622274024,6700,389.3,241.4,28545.8,1479.13,107.31,10.93,9724.9,480.283397726142,35.13,1619,573.4,327.7,223.6,4.3463e+10,33738100000,2013.75
2013 Nov,97.0077888187883,118.30985915493,124.225958581095,6.2,9,220.3,5.4,135.720453493183,141.024958539263,7600,388.5,243.3,29167.3,1437.42,106.74,10.96,14011.3,474.948677865097,36.13,1527,342.3,328.1,-106.6,4.6799e+10,32787700000,2013.83333333333
2013 Dec,97.4565011575821,122.610217518126,124.84109083453,6.4,9.4,310.2,5.6,138.93205555002,142.467633972489,16400,629.7,316.8,31404.7,1414.44,105.68,10.99,13790.4,469.60270799302,35.52,1378,142.4,391.7,-1879,4.9525e+10,35734600000,2013.91666666667
2014 Jan,96.2535702067733,99.5082923576964,125.579249538651,6.1,9.2,146.7,5.6,135.085333104621,143.104460093897,4800,132.9,235.4,30136.1,1372.92,104.1,10.9,16480.4,457.207139684735,35.69,1407,85.3,286.7,745.2,3.9598e+10,23117600000,2014
2014 Feb,96.6927354745289,101.108425702142,126.471191306131,6,9.4,195.1,5.6,136.644472019521,142.488262910798,4100,172.2,231.6,30459,1316.28,100.72,10.83,9898.6,448.737174295445,34.73,1492,93.3,285.3,-538.9,3.6413e+10,26514400000,2014.08333333333
2014 Mar,96.6736413324526,110.90924243687,127.732212425672,7.9,10.3,188.3,5.4,134.878479583602,145.730142790458,5000,197.2,247.6,29800.1,1149.43,98.99,10.69,16879.6,442.773463027765,33.9,1684,131.8,309.8,322.1,4.7002e+10,30122400000,2014.16666666667
2014 Apr,96.5017940537656,107.908992416035,128.900963707197,7.9,10.5,217.7,5.3,135.468372332368,146.798650045252,4300,210.2,257,30160,1181.92,101.54,10.79,17038.5,427.970804730566,35.48,1980,151.4,305.5,191.2,4.758e+10,30541500000,2014.25
2014 May,95.6043693761782,107.508959079923,130.038958376051,8.2,10.6,199.6,4.9,137.729356054372,147.417840375587,4600,266.9,249.6,30245.6,1263.99,104.87,10.64,15319.2,423.769698368933,36.88,2179,171.8,310.7,332.9,4.4049e+10,28729800000,2014.33333333333
2014 Jun,95.4611633106057,107.408950745895,130.869386918188,8.2,10.7,209.2,4.9,140.482270426415,148.620892018779,6800,317.7,259.8,30426.2,1361.1,106.59,10.52,11273.3,431.956031175379,39.42,2187,176.5,312.6,35.0999999999999,4.0695e+10,29421700000,2014.41666666667
2014 Jul,95.2797689608806,109.709142428536,131.484519171622,8.2,10.7,211.3,4.9,134.347149951186,151.026995305164,5800,287.5,249.2,30524.8,1314.87,106.66,9.4,14088.9,422.650716083337,42.18,2198,326.1,322.3,300.2,4.621e+10,32121100000,2014.5
2014 Aug,94.9360744035067,109.50912576048,131.822841911011,7.9,10.6,218.7,4.8,127.992592105748,151.026995305164,5600,307.9,235.2,30688.9,1222.8,104.14,10.38,13642.7,419.237809800352,49.4,2123,438.3,331.9,124,4.1454e+10,27811300000,2014.58333333333
2014 Sep,95.1365628953081,112.509375781315,132.684027065819,8,10.6,202.7,4.9,122.233540578163,149.882629107981,7300,318.1,242.5,30644.8,1194.98,101.69,10.4,9486.4,409.222831350957,56.58,2040,725,326.6,30.5,3.8082e+10,28595600000,2014.66666666667
2014 Oct,95.3847867423004,118.209850820902,133.76050850933,8.2,10.8,216.3,5.1,109.591806625222,150.374587657962,7800,386.8,244.7,30268.4,1073.04,96.14,10.4,12025.6,383.281420334339,69.62,1902,505.3,333.8,47.4000000000001,4.1543e+10,29517400000,2014.75
2014 Nov,95.5757281630637,118.009834152846,135.482878818946,10.2,12,212,5.2,98.5012599370218,149.676496251496,7800,358.5,242.2,30625.6,1030.34,87.86,10.16,11352.7,373.657241548198,61.19,1698,344.1,334.1,-41.5,3.6755e+10,25402300000,2014.83333333333
2014 Dec,95.3943338133385,127.51062588549,139.019889276195,15.47,18.31,290.8,5.3,78.0634144691166,150.792253521127,19700,623.1,306.4,32110.5,824.73,75.82,10.45,11448.4,339.369961911438,57.86,1396,148.3,411.6,-2393.1,3.8383e+10,26934600000,2014.91666666667
2015 Jan,95.4420691685294,100.508375697975,144.371539881075,17,19.9,145.7,5.5,60.801111617466,152.787558685446,6200,127.7,218.5,31448.6,770.02,70.14,9.5,13800.7,327.146043932586,51.31,1310,87.7,277,-171.8,2.751e+10,13709300000,2015
2015 Feb,95.4611633106057,99.7083090257521,147.570227598934,15.12,18.1,192,5.8,72.7482500673352,156.015258215962,6100,164.9,216.9,31716.4,859.38,73.98,9.29,12040.8,313.431073416952,52.65,1212,96.3,266,-662.3,2.9159e+10,17118200000,2015.08333333333
2015 Mar,95.3370513871096,110.409200766731,149.354111133894,14.9,17.9,185.1,5.9,70.0619548150942,164.612676056338,6200,192,224.3,31636.7,866.91,81.9,9.29,13238.8,309.092428348927,55.71,1212,137.4,284,386.9,3.2403e+10,19164200000,2015.16666666667
NA,NA,NA,150.030756612672,14.36,17.17,209.2,5.8,74.5804973910573,168.984741784038,4900,199.8,235.3,32103.4,1001.25,92.91,7.39,13394.2,307.716649518476,51.7029,1236,156.5,276.7,-379.7,3.1465e+10,18070800000,NA
NA,NA,NA,NA,NA,NA,186.8,5.6,81.0752703743053,NA,4600,NA,234.8,32310.2,1046.88,NA,NA,NA,308.895013098389,52.9716,NA,176.5,282.5,NA,NA,NA,NA
NA,NA,NA,NA,NA,NA,NA,NA,NA,NA,NA,NA,NA,NA,952.09,NA,NA,NA,NA,NA,NA,NA,NA,NA,NA,NA,NA
NA,NA,NA,NA,NA,NA,NA,NA,NA,NA,NA,NA,NA,NA,NA,NA,NA,NA,NA,NA,NA,NA,NA,NA,NA,NA,NA
NA,NA,NA,NA,NA,NA,NA,NA,NA,NA,NA,NA,NA,NA,NA,NA,NA,NA,NA,NA,NA,NA,NA,NA,NA,NA,NA
NA,NA,NA,NA,NA,NA,NA,NA,NA,NA,NA,NA,NA,NA,NA,NA,NA,NA,NA,NA,NA,NA,NA,NA,NA,NA,NA
NA,NA,NA,NA,NA,NA,NA,NA,NA,NA,NA,NA,NA,NA,NA,NA,NA,NA,NA,NA,NA,NA,NA,NA,NA,NA,NA
