employment,ind_prod,cpi,ib_rate,lend_rate,real_income,unemp_rate,oil_price,ppi,construction,real_investment,wage,m2,reer,gas_price,nfa_cb,ner,labor_request,agriculture,retail,gov_balance,export,import,time_y
4.97961852727924,4.23213393651335,1.41358493037628,1073.77527573541,406.238545217078,4.52392979118829,7.95164682722797,3.03994081100646,1.3686692799057,7.77500005344069,4.53147072195325,4.32159601891054,4.52675516296898,3.97024136257322,0.951657875711446,0.858613375920355,1.63370118887925,5.89940959408103,5.31237303412969,4.59986081931654,-5.65996142458095,22.6388057281431,22.2249826286433,1995
4.97846436275512,4.20849907251722,1.50735463960711,268.239043665686,445.456125433254,4.4805412850793,8.00707408220682,3.09426007188752,1.52160088606316,7.97030458382697,4.79139040730842,4.29955381394038,4.60449179937392,3.91295676841865,0.951657875711446,1.22635290037256,1.60644831592698,5.90962681867386,5.31656022661034,4.612701096428,-8.12877899802476,22.6778925885398,22.3103099939118,1995.08333333333
4.97290925739635,4.18559594730332,1.59217637475846,236.660647994472,405.917289438434,4.51012551055197,7.9460953095836,3.10070315105879,1.62213701111289,8.01356916051502,4.68377022527053,4.24429367960787,4.66038019137951,3.84528542691386,0.951657875711446,1.49828198553838,1.51473846132828,5.92204287290312,5.29936161500505,4.63589590819293,-3.97850533431659,22.6489003503069,22.2750991546177,1995.16666666667
4.97262185807071,4.16473485666199,1.67830932806127,198.19609426238,398.164234565001,4.48607450189585,8.10062277992041,3.14182499179598,1.7570174565933,8.02085295926119,4.75550185483971,4.26112407528315,4.78050437288609,3.82649777885471,0.989541193613748,1.74151941852548,1.49504258867791,5.9421148861234,5.2827639989459,4.56211401706996,-8.82990963978384,22.6980621792993,22.2164923636065,1995.25
4.96819536186878,4.2268398099779,1.75955678053228,98.4008273022197,372.954361903028,4.58204985985526,8.20906703547779,3.14652909699514,1.85156153417541,8.09676286245214,4.86699774170627,4.26219572376546,4.89840252113008,3.89828584216983,0.989541193613748,2.06829843464889,1.49618571305814,5.96183182134288,5.27807229787717,4.67338354920459,-4.90682414548284,22.6746587264966,22.3367773336508,1995.33333333333
4.96323458925404,4.25521246836719,1.82958338386781,88.9082376681579,317.108243102933,4.52424046268645,8.39618502383466,3.15793392641057,1.91038305702292,8.11327928361229,4.78385474446185,4.25712898829249,4.99118404948586,4.0214776822506,0.989541193613748,2.22712247217685,1.50345460292724,5.97885362708403,5.29462666976522,4.67405948567654,-6.46237212585406,22.6809858608,22.4083358521076,1995.41666666667
4.95831713371972,4.23773235676564,1.88892461250474,177.417406056706,272.737089056037,4.52483460694536,8.58280564799869,3.04082223700309,1.97714530688523,8.10934384138707,4.74588477268751,4.26408733429642,5.05280870532554,4.09630296885147,1.01884732019925,2.26415496620576,1.50745330805714,5.98094338287027,5.35891514910708,4.66243555892956,-5.66510597507662,22.6317435921465,22.4111448774525,1995.5
4.95289450141801,4.23874984062706,1.9485186790798,180.471084974689,248.379841600794,4.52810975585434,8.90391177203296,3.02534373654791,2.03662192505803,8.18075332619599,4.72049678752494,4.27109038959668,5.117234267913,4.20172620952756,1.01884732019925,2.33434791961126,1.52380643569554,5.98966916078407,5.25612519598873,4.66331331730503,-3.46522023388559,22.6246174931101,22.3695898071978,1995.58333333333
4.95100167454797,4.22825547166749,2.0064117041435,71.9535527231757,231.446706449674,4.53220577861448,8.92768806263605,2.99941688934849,2.09115298067413,8.19250711120834,4.63215988260626,4.28418418048005,5.16955231482703,4.24341852577927,1.01884732019925,2.40239662556288,1.5370720321277,5.97766288126651,5.23298190495197,4.64255624648345,-9.46832857569458,22.6952796114284,22.4236686650252,1995.66666666667
4.94469845197715,4.20471369214386,2.04937222408647,37.0680042609103,246.191484164566,4.45637177737752,9.27348960563518,2.91849763654032,2.12796159862678,8.15234904379522,4.74509341787555,4.31855191242571,5.20382465190251,4.27145055169508,1.03673688495002,2.50113221193996,1.54972423346821,5.96538002025979,5.16253604072161,4.65303349345537,-12.3175958463929,22.6423504006172,22.453060435698,1995.75
4.93918943892879,4.18554131597512,2.08362372190334,43.6357946858953,242.864988246096,4.48035649958534,9.11322632262166,3.01339225438484,2.16095344161644,7.99674456726549,4.87464069633925,4.32769900469271,5.27280319569944,4.29485831453278,0.989541193613748,2.52675723729328,1.5668952538128,5.92818910046468,5.35037428325175,4.65081680895224,-15.3476997461963,22.6743330310604,22.5474521093086,1995.83333333333
4.93123615070534,4.18020038428392,2.1087317185821,64.2134160782508,236.521528169618,4.33587660366626,9.06021050627473,3.08447688325179,2.1857995784474,8.19477703583594,4.89114669613453,4.30473047312815,5.32587829510651,4.30338170708904,0.989541193613748,2.75901020475558,1.57696469855496,5.8798235236835,5.26052920642152,4.58456260632307,12.092970096955,22.6125002286224,22.4733122962503,1995.91666666667
4.9137825461245,4.17688470232877,2.1341775509743,45.4603877826325,212.810284941676,4.52014211703075,9.1268461312818,3.12337510866351,2.21580872603956,7.72465246450852,4.80906450202302,4.37880000050928,5.36348359047932,4.30434229368013,0.985816794522765,2.60150298151673,1.597313066853,5.84388472508851,5.259902332173,4.67528081026897,-10.7966859829325,22.6518347298033,22.4067692252747,1996
4.90519119151284,4.16586201346013,2.15534582004357,38.2653533107815,182.768057948708,4.4951924254629,9.1705683804867,3.14446042988365,2.23917601643166,7.94840235701821,4.78085364244913,4.38171224313312,5.41506794560627,4.30265598666805,0.985816794522765,2.63450440744678,1.61460940223368,5.81309319806552,5.25413270689467,4.65423186779065,52.2074756243766,22.7322483210703,22.4918848986095,1996.08333333333
4.90472243509268,4.18946377499702,2.18158107172362,94.3816975218049,168.647469603486,4.50552169711457,9.09085030485571,3.26836982614681,2.26316754685285,8.05601375188635,4.74879328736973,4.39804486031717,5.4730815863467,4.30914804007811,0.985816794522765,2.86846973163356,1.63316690912251,5.79016644436484,5.25238162401967,4.65340769673919,-11.1586145174813,22.821713712126,22.4804448080664,1996.16666666667
4.91340940522342,4.18514122073769,2.20479540666368,49.4992675866625,169.696890773367,4.49166634883671,9.36532752145824,3.25761650347917,2.28507622095157,8.09686231940243,4.729356820522,4.40018846518552,5.49154915020667,4.31675133935611,0.989541193613748,2.64288320633794,1.64900752495862,5.76219662008394,5.24292071944617,4.65220176101446,-25.3906809920125,22.7294182709822,22.4879150662992,1996.25
4.88215986228832,4.16178364157595,2.22429190363395,39.5578407836823,161.770437098097,4.4884468322656,9.50057093190526,3.18792550908099,2.3045991308838,8.09809176996065,4.70164262225985,4.4107333918933,5.5063702956682,4.31920274817175,0.989541193613748,2.40195965003683,1.68107816975246,5.74443890614468,5.24041697953233,4.64847173638803,-15.2644577283289,22.7824414451262,22.4898286494071,1996.33333333333
4.87619368119501,4.17913985220065,2.24023447505594,86.8250878456411,177.943921847947,4.49907567676857,9.63006817145237,3.20896115846417,2.32243917083701,8.11143225086005,4.65952341009667,4.42020894325277,5.52520364846273,4.30946481561886,0.989541193613748,2.47154175226361,1.68857257677055,5.72395659508818,5.22547660481729,4.65089961101639,-9.90895606067924,22.7233471540075,22.4715084021251,1996.41666666667
4.86822823508162,4.16007706392394,2.25235862722465,50.0324854011001,146.206746412068,4.50498707843212,9.84171365395378,3.2449922127546,2.33749797028507,8.06628570897154,4.65820919839042,4.42749714319672,5.5532411903551,4.28367458309971,0.989541193613748,2.45089347881012,1.69896794819686,5.72073324821245,5.24448475233645,4.6520358177336,-13.2381892775792,22.709041131896,22.4721475492941,1996.5
4.86110490923948,4.14445326563684,2.2635674564406,37.1237208663113,122.840467505033,4.50358750356267,9.85530337442195,3.23516356001016,2.35326544361347,7.92851187159413,4.65446524681001,4.43754200797188,5.57830038831885,4.26336680946832,0.989541193613748,2.43175724343462,1.70880326522693,5.69811440831044,5.19748576608563,4.63405528588499,-17.8672065454037,22.7156905651971,22.5026880012236,1996.58333333333
4.85387536866396,4.15921653128368,2.27723135809295,37.5434820712117,161.633082949572,4.50803448145197,9.88732304900182,3.27256493968615,2.36972664567948,7.75944119039203,4.63625471622446,4.42906358681739,5.59976346976482,4.27264143783909,0.989541193613748,2.4151764060014,1.71569636965367,5.69068612581741,5.16280518126652,4.6323833493602,-10.7348505833338,22.7048125698717,22.4427339467751,1996.66666666667
4.8440793465458,4.16214237443999,2.28805238238073,31.8573218024704,94.920818965315,4.55256821217587,9.90128962660028,3.30609327852301,2.38895678365724,7.82173879637497,4.64204510498143,4.43164386966393,5.6176971959391,4.2823879256283,1.07840958135059,2.31070211621902,1.7234826826779,5.80010359294486,5.2029258496344,4.62161948136659,-10.3087534861227,22.8296421129294,22.4216746167298,1996.75
4.83442963519739,4.13204395767779,2.29901282591862,33.2353788833177,85.0297540859078,4.5268971369565,9.91929098237527,3.29256956013583,2.4003718847439,7.83629107333022,4.63331762139384,4.42439575502349,5.64020264215836,4.28394169803684,1.07840958135059,2.45918821194293,1.73025522305956,5.68227430781317,5.3000909301643,4.61474162865474,-10.0033882071144,22.7578340658387,22.4267080208861,1996.83333333333
4.82631176507359,4.14775880694469,2.30613946955333,28.0084616070414,70.7255836691018,4.5207772139986,10.030385305552,3.36271060720603,2.41312261329039,7.92340902305754,4.55766371810247,4.42757914094513,5.62408084787855,4.29026420052843,1.07840958135059,2.50336022593861,1.7405210262513,5.68599706379838,5.22148219355364,4.59803060716506,41.2872546045589,22.71695323426,22.3965495253788,1996.91666666667
4.81786180502445,4.15584346267108,2.31260542439114,25.3509652509793,45.560225488872,4.61003938728941,10.0300531664882,3.40053165219935,2.41983939773813,7.62316632793055,4.62313067157075,4.41786877426017,5.68568708627283,4.30993727042868,1.09861228866811,2.4265434991531,1.74646175131351,5.7105512424758,5.21243407116691,4.69553994938388,-13.8883367832853,22.7759404992394,22.4006958555194,1997
4.81033938945809,4.18545576998256,2.32132087802909,28.4158993495821,46.1604250212729,4.58359361985246,10.0754157609917,3.29650265891112,2.43220658682674,7.86915815711037,4.61764095178844,4.43542959321591,5.71306708166853,4.33653519735007,1.07840958135059,2.51447756952014,1.75247766044671,5.72404528746533,5.19435592642454,4.68675466450909,-17.1613166241014,22.7060506181596,22.3896718144863,1997.08333333333
4.80302761848308,4.16945012048725,2.33427330333245,31.4530947456369,39.696813607942,4.56501377495691,10.2817591080826,3.23405335000436,2.44365850505674,7.95684472182289,4.64347852454547,4.4349142751877,5.7393419819941,4.34884310487841,1.01523067972906,2.59891367285885,1.75501536596988,5.73723347990556,5.1830672015804,4.6830350045638,-16.452211037646,22.6965343966676,22.4395784649105,1997.16666666667
4.79656941588404,4.17638847388427,2.34668100836704,31.2626335317685,31.15012671782,4.58345646259805,10.5285952365206,3.07698160958379,2.45302541354266,7.93194106895304,4.6474798127171,4.442227491053,5.75911857435641,4.35311312302765,1.00430160919687,2.64120464273416,1.76248823430306,5.77964878145535,5.1888227530653,4.6909838696436,-14.5647818060545,22.679448793241,22.4656423591773,1997.25
4.79125665764239,4.17281018176073,2.36109564325843,16.4737162297165,32.0078797454975,4.56555794577987,10.8412108708863,3.18443945971647,2.46669649714518,7.88628623751648,4.61869789035718,4.44384923096058,5.79266602190965,4.35314975461964,1.00430160919687,2.6919068303244,1.76990027687829,5.75958551747621,5.19053115387078,4.68343978645438,-11.5747216391777,22.6553119720617,22.4693769704636,1997.33333333333
4.7838539135231,4.1694542133428,2.3757298908465,15.9643758473828,28.6730601412835,4.61912237343244,11.0315518995592,3.16172171531958,2.4775877787674,7.91856724803202,4.62083792559301,4.45284454605194,5.83552727522585,4.35164418927763,1.00430160919687,2.94275147418019,1.77029867613349,5.75282069588825,5.20693553332919,4.67458431497011,-18.6399030581385,22.6681096044811,22.4874616480103,1997.41666666667
4.77904160961416,4.1909192096485,2.38970310591397,13.1795637425444,28.025107110962,4.57293813248937,11.1591609548359,3.16770573147424,2.48359407518883,7.97312256653447,4.61896194592586,4.46386417972832,5.87503541752236,4.36239154965258,0.955511445027436,2.92012077247357,1.77825193697985,5.81599999868096,5.24037474246053,4.67175567862273,-15.5856958133185,22.7065526714856,22.5263053793594,1997.5
4.7739146702004,4.20879021390436,2.4043134562958,16.468885318827,27.8229969210855,4.54761633170841,11.1698763425983,3.15831113349711,2.48521157178692,7.92417668046644,4.62296554408758,4.472364004161,5.89299981875262,4.38733604114971,0.955511445027436,2.91498138515314,1.78256929732772,5.86222799927681,5.27947967215368,4.66465488015577,-13.5329802470083,22.6961086560901,22.565055118434,1997.58333333333
4.76947031564424,4.1895175202436,2.40980493989814,12.7590907214989,25.9596585629807,4.54910067397105,11.1960050874034,3.08253525017094,2.48594911490141,7.95834151915978,4.64598202499144,4.48718284627692,5.90597725437268,4.37747294010725,0.955511445027436,2.90476889442038,1.78780188481361,5.9181413014626,5.28567024424825,4.69126264720138,-17.1454154000311,22.6624115060393,22.5655052234097,1997.66666666667
4.76392023286075,4.20553730435961,2.41130621244433,17.0524929035386,24.8790826287765,4.52800850144709,11.2233302751781,3.143803946134,2.47843951904355,7.93753059977793,4.63898882757971,4.49043331973118,5.92835616489701,4.36960884539073,0.896088024556636,2.87263668649532,1.7946046129948,5.95612566686427,5.26213957265259,4.68110891935652,-15.1859677166548,22.7278550081027,22.5867424078497,1997.75
4.76390148360645,4.21205316958199,2.41076174702338,21.5742142714418,23.6296538349794,4.52646789039525,11.1999271879241,3.13697613363057,2.48038657894447,7.93424869565441,4.63910832532394,4.49895991714439,5.9045376246861,4.37271337418001,0.896088024556636,2.49557051628776,1.79227072390585,6.01153478016626,5.24613919014435,4.69142431340248,-13.251662659481,22.7766982709609,22.5802466969755,1997.83333333333
4.76024626096845,4.19191424779893,2.41268294498614,26.1833688508764,30.4489453118544,4.57206146040084,11.1429474104215,3.06581030922651,2.48374116123633,7.88496425191031,4.61124063438813,4.49758271559942,5.8831845235648,4.39670835184681,0.896088024556636,2.6168096946336,1.79978361004544,6.05409454275751,5.19024977065406,4.70996001806545,33.5777404343618,22.6912971190109,22.6229730763837,1997.91666666667
4.77963859101856,4.1876758586483,2.40604277499733,28.1253865760514,30.2930959076169,4.50694552009243,11.1604012662926,2.97143765466667,2.48510667091774,7.69710678916581,4.59886044397872,4.49575846631773,5.90532064042754,4.40608412460828,0.912282710476616,2.47835745642868,1.80786861712007,6.06165461459856,5.18229530808265,4.72506499571425,-20.5068144007518,22.6267906201999,22.5966735488255,1998
4.77507416401197,4.20329026027526,2.40812785167774,32.5679030846889,30.4127134777342,4.50321161251238,11.1989625645838,2.90192974580615,2.48739572510031,7.74588914335693,4.58059465387273,4.50580772856379,5.90520307993991,4.40135556870766,0.912282710476616,2.4409896444598,1.81474599834069,6.0608155323943,5.18516507449633,4.69052658606362,-8.82081655219373,22.5753502190122,22.5572785399501,1998.08333333333
4.77248052528645,4.19119562748423,2.41500517518805,24.661211560873,36.4480019894278,4.474099727033,11.3469715630621,2.85901476249735,2.48616186490692,8.03571680216526,4.57153368416725,4.49301081842244,5.90436683083691,4.39334906057078,0.912282710476616,2.56107689336839,1.83267912415136,6.08379713386981,5.19340475746253,4.67671424488048,-13.8318620474349,22.5930035892371,22.5240268596596,1998.16666666667
4.76326307940409,4.19210353814815,2.42186509592821,32.1317446309228,37.3647406872605,4.491386097894,11.5220865948342,2.81697718267438,2.49052122980482,7.6051151905243,4.57344432004427,4.48792102114238,5.9069008612764,4.38627034150263,0.86288995514704,2.40332244133805,1.83956612749637,6.04423206131764,5.19557053816947,4.68326084041715,-17.2631041853416,22.5738330754855,22.4904675456756,1998.25
4.75624817682847,4.15489648305532,2.43311316946132,54.3698872236513,38.5976067579529,4.45644637524634,11.5464174572802,2.89144342114175,2.49117764257592,7.87160327761522,4.55694567939479,4.4840037966958,5.91101835475672,4.37794755734606,0.86288995514704,2.20267977777822,2.23959964156029,6.0304639605323,5.19404284136215,4.68811181923657,-16.5796437604462,22.5932552951173,22.53390178464,1998.33333333333
4.74911130906123,4.13245223743147,2.43592941290479,57.4405949301245,48.2359060935782,4.42779868746921,11.5885156700486,2.7685632567115,2.49516906602183,7.82889383274233,4.54093694738412,4.48811025351094,5.88387334773696,4.37261987169388,0.86288995514704,2.34852496421164,2.77146217626637,6.01479211588877,5.19294509726595,4.67993726829551,-15.5634735639055,22.5849952612823,22.4646805445506,1998.41666666667
4.74088815387144,4.09873767897212,2.44257229897865,54.5142224717117,44.044890736345,4.4523579853997,11.7013927426742,2.72801162041087,2.48933834958273,7.78789583177482,4.54698661428774,4.49241916154746,5.86623017624439,4.36474676740254,0.792992515529661,2.52853556645541,2.77658790545682,5.97453093629155,5.0547731172487,4.69492493165588,-15.7950382895727,22.5825132662651,22.3928134516712,1998.5
4.73251152367984,4.09126714413686,2.49805556385639,46.3172237350934,47.9369092565908,4.43323586413746,12.0057460673901,2.68802822512988,2.47601035226337,7.90387975572967,4.55066765585383,4.43622393398242,5.8350562186117,4.33706506953617,0.792992515529661,2.04625107516462,2.88653173305361,5.97638663400873,4.96837266086664,4.7126731278105,-11.6166105017232,22.5667945569814,22.3632238963355,1998.58333333333
4.7270053647987,4.02828915433626,2.82410151028476,116.81018623989,48.378555478988,4.23602798251533,12.2089680276213,2.7477791767931,2.54670597739881,7.87060778333691,4.44968060650273,4.13352717473737,5.91298143398902,3.91157466029353,0.792992515529661,2.15050389082539,3.02781804131702,5.8861011688647,5.06380182350685,4.66845687568936,-8.86727331240203,22.5540867543154,21.8677508101945,1998.66666666667
4.72041468212614,4.08379317807565,2.86731584562186,78.3487417318384,50.2466681072752,4.32228056602624,12.4283143047731,2.6913703915456,2.59347517143685,7.66750862181441,4.44006868350597,4.11862835753006,5.95038682924805,3.8407152317881,0.647103242058538,2.23099896932705,3.111307356621,5.8218976675623,5.06443114641901,4.57913038841702,-14.183201483575,22.4656015283289,21.7759214699813,1998.75
4.71506413275067,4.09606953821254,2.91905286008977,37.7958795009217,46.1408189987988,4.28627055191018,12.7503546299188,2.59138914248234,2.64080930666034,7.85866651115767,4.45567532230926,4.11167924178742,6.00617249074835,3.8706051180913,0.647103242058538,2.08812555213953,3.12062947977617,5.86529663261224,5.08633537539608,4.58001348142811,-20.43559350521,22.4178567089255,21.7836260374422,1998.83333333333
4.71008640534721,4.10826538171476,3.02328819480769,26.2753238437799,44.3875995234052,4.24938194842729,12.9853749193789,2.53375780223363,2.69162380046606,7.85566808977771,4.35530163774699,4.0480353396133,6.06189280111173,3.79092010174892,0.647103242058538,2.09485684235583,3.17647546807193,5.93833784235294,5.13667672808059,4.56268899607137,56.2440720266103,22.4783255422871,21.7763620100241,1998.91666666667
4.70752420987729,4.15551491086496,3.08904522511256,32.243739987358,45.4089496054555,4.22287583700273,11.7664357665609,2.66511294693364,2.75059508002856,7.84489587886709,4.54542430724121,3.96707957185954,6.11285674888211,3.77860078416819,0.582215619852664,2.07170620878609,3.18192502257357,5.96376783920818,5.14725035607267,4.55381482604738,-13.6886544443244,22.4047152999667,21.8860389003382,1999
4.70558631471484,4.10191667093906,3.12584773533671,21.495191330184,44.3088957612344,4.22847017678151,13.8636179836103,2.58080679972028,2.80300360617725,8.00872891142419,4.52465786706231,3.97985068364048,6.1524032475436,3.81205364504108,0.582215619852664,2.11051337857698,3.19641720919323,6.03346039647626,5.15312874515797,4.564604031507,-11.7211707922974,22.4358431029507,21.874040965339,1999.08333333333
4.70569299168357,4.11944705628709,3.15494737137149,19.6887639564547,43.5727911025919,4.21922177462323,13.5978939749772,2.78142188152977,2.84148563235751,7.87224459110342,4.53332571227675,4.00419145619299,6.17862903392029,3.83070594253812,0.582215619852664,1.98179395841479,3.1905349754806,6.08663603419593,5.15950019476519,4.57237542147604,-11.2848272852978,22.4493277497375,21.8987378625658,1999.16666666667
4.70660480528063,4.11886846011061,3.18640479335744,16.2204688733472,42.250024615721,4.22402621443826,13.2747541199562,2.9466813395948,2.88421424922678,7.80266322213545,4.53330944201524,4.02076047838387,6.23342900135511,3.81970550038672,0.512823626428664,1.97277213491165,3.19057729330469,6.15070500618771,5.17571663127056,4.56006658298179,-16.6445033884649,22.6319341712767,21.8802619283494,1999.25
4.70764534266588,4.13028756501811,3.21112248341765,8.19178848239399,42.0963722906743,4.26449963622629,12.9123216326244,2.93597842816788,2.9274989655635,7.76934761536408,4.53579031780606,4.03547689200358,6.29266978258375,3.84491228728278,0.512823626428664,2.02815302292263,3.21834678704324,6.21387713565412,5.18353589439469,4.57071400580506,-23.5843774389951,22.4311849569878,21.8626762948874,1999.33333333333
4.70999370066443,4.12073859709728,3.2293489361409,8.64521433301251,32.5602357864536,4.23810780110573,12.7792725212584,3.00496960482555,2.96567978752313,7.87559934452551,4.55843470263896,4.05018337129695,6.3178068470317,3.86509903820995,0.512823626428664,2.03907047398088,3.22708444744995,6.28314286276262,5.19439324423799,4.57666206224229,-6.77194542803948,22.4047634651195,22.0935205428885,1999.41666666667
4.71249675051788,4.14015218239362,3.26011701488274,8.40189907352087,38.3788332980223,4.21765898850415,12.639241461865,3.15825328919323,2.99625535032016,7.80004450584824,4.56582085923806,4.04167597659365,6.35213163497377,3.88685157550255,0.548121408509688,1.95763413768034,3.2632640534253,6.34407508067198,5.11971539858302,4.5725519296565,-7.4963710605261,22.544528734636,21.8906076782775,1999.5
4.70750744975313,4.13399884965847,3.28227305901557,9.51923654300293,38.2280884591338,4.27508104135021,12.5311815872353,3.20470971217345,3.04211611999065,7.80325356799773,4.55739046478784,4.04648617023149,6.37789120168939,3.88991493967694,0.548121408509688,1.87384288067467,3.28090783845373,6.37799565662078,5.01774669862732,4.58029077070384,-6.6641745900306,22.530864320382,21.8841295742224,1999.58333333333
4.71761627749115,4.14869876452363,3.30150518971836,15.59084173156,38.6799436933078,4.27065224282563,12.4659834614976,3.23926359424885,3.09915742891189,7.90674140169613,4.55981635885292,4.05822777436603,6.40163072483835,3.88592810707573,0.548121408509688,1.86869852684943,3.29524886422721,6.42256075619037,5.1277082388844,4.58157531534825,-2.70412336043222,22.5642431289856,21.899371482096,1999.66666666667
4.71939165964561,4.11609788583675,3.31435812357856,14.5783709515268,37.5762970300159,4.26082400351161,12.486109479663,3.27557000170553,3.14216156246279,7.87412453399945,4.57226217924869,4.0820987037295,6.45372410744422,3.87737356010791,0.712949807856125,1.93259784748416,3.34453044306023,6.46456053772732,5.14810690054615,4.58792576910159,-1.33157236968151,22.6729578553368,21.9388249172817,1999.75
4.72108858114662,4.13062720562275,3.32585894998162,13.3224882182342,39.4536747264538,4.27330879292521,12.4687802306627,3.41781659001411,3.17846108546897,7.92962876310885,4.57520431719664,4.11305188823643,6.49108356439698,3.86921385493963,0.712949807856125,2.02023773902425,3.34611231606699,6.49383921405063,5.15584619436381,4.59156915496728,5.98415199594449,22.688941371252,21.9182169084896,1999.83333333333
4.72304870227053,4.29521207639718,3.33541007119151,11.5519478204192,33.0972084558196,4.34738356449912,12.0782713359065,3.51684028783638,3.20626357991414,7.93268942704302,4.57825666872391,4.13962919688112,6.51117618102924,3.86873727589237,0.712949807856125,2.16485015950424,3.34501114627377,6.5246888392782,5.17490837721674,4.60729719568045,36.5797602913289,22.8137098667913,21.9069457415764,1999.91666666667
4.72536496013326,4.25955852826764,3.34495837353951,13.2878314473208,33.5078672868317,4.28091626479847,11.665675352467,3.50365128360509,3.23896204392189,7.90255202187531,4.64176160605361,4.16458181892978,6.56137680261193,3.83756798846294,1.11841491596429,2.27919601041702,3.34350448031588,6.5623195736455,5.17771369657737,4.63073553132778,-10.7334518449611,22.8091871550363,21.969354853484,2000
4.72702069719472,4.21904662322564,3.35151866172095,11.7317917677487,31.3269088883729,4.31498955045049,11.3290118912847,3.57494255613853,3.27555495533882,8.08688619032806,4.67854787030408,4.15303970792666,6.60391307701036,3.8369824708819,1.11841491596429,2.37285320095056,3.34041067621135,6.59606133853698,5.19137494041543,4.64156217516562,85.4148694071888,22.869544698357,21.9907753595737,2000.08333333333
4.72914732420659,4.21193575617364,3.35931991163275,6.33764507348791,28.6398760852886,4.36853369819091,10.9926182480165,3.58977432986395,3.30333695458885,7.75684228758384,4.69181101779325,4.18892520697685,6.64074111346439,3.83708799608866,1.11841491596429,2.51101072507981,3.33843254195776,6.63256520517844,5.19715186875417,4.64853142905424,6.97887860077086,22.8903743125407,21.9551651158721,2000.16666666667
4.72905020987932,4.31092669860912,3.3686658529822,11.7234582562113,28.2775106477026,4.34792111671354,10.7674989354664,3.34535764966219,3.32579707712274,7.91928054294229,4.69435670592642,4.21294266941085,6.67090486284541,3.85473626060536,1.17557332980424,2.61121083220559,3.33086127923167,6.66988287554755,5.19124961557613,4.64581575207554,11.1271952062628,22.8914617507831,21.9579448228801,2000.25
4.73074363251128,4.21820111597578,3.38718173155185,8.57743385563819,24.8071935648993,4.39004525550164,10.4625223468107,3.51827796008871,3.34847611361688,7.96514000667251,4.71060435813447,4.21871017573078,6.71907617992504,3.90412898318659,1.17557332980424,2.71399459733809,3.32952788726026,6.6920902612819,5.19890325358992,4.64737068008956,20.5621772942044,22.8946308729901,21.986602681241,2000.33333333333
4.731501618733,4.23055069351954,3.41125713664825,5.23165078387735,23.4103175187648,4.38324095189079,10.581251602638,3.62739018714177,3.36832564440683,7.82786534510848,4.73056196615296,4.23002758167807,6.77013434979522,3.9053100909195,1.17557332980424,2.81214086207563,3.32979430612267,6.67590664074209,5.21204026697398,4.65525405306481,23.2275760812566,22.881607031264,21.9957045969695,2000.41666666667
4.73261730561416,4.23167271351367,3.43200101356026,3.20394262078364,22.576661375687,4.38106083845399,10.5174894612619,3.57232264785096,3.39819847952573,7.8484497277375,4.7211268426796,4.23739603920012,6.82131746356262,3.93574016615255,1.27815220250019,2.90715422815856,3.32847749422151,6.6832363652575,5.15408819690015,4.66266549414532,9.57069216814558,22.8799226233756,22.0171684465066,2000.5
4.73326317207291,4.22825748895259,3.45265069364571,4.69249842592976,20.9696084868974,4.37966082151394,10.2900108797481,3.58559019339838,3.41582795759398,7.82601671030069,4.74360780153675,4.24141279439313,6.86314888883238,3.98676129606866,1.27815220250019,2.97276343710085,3.33010474407858,6.70877841554205,5.18773491198026,4.66501362752302,16.0566131156692,22.8872246177844,22.0540509930091,2000.58333333333
4.73327820102756,4.2241506850986,3.4713074981675,2.93931688147863,20.8715021664772,4.39054008367228,10.1244918671879,3.62556728892022,3.43477569033262,7.82608433215165,4.73450093300675,4.25705485064302,6.907308778915,4.03835283515281,1.27815220250019,3.04851480170986,3.33695930482784,6.72532685538503,5.20049764494131,4.66738794094151,18.2364804914499,22.909023677318,22.0963834985337,2000.66666666667
4.73374342384786,4.22845077863646,3.49141241230479,4.67622095090791,20.1873694139078,4.37563160209547,9.85657941842186,3.63642499550884,3.45202786186693,7.78931907777964,4.73073879157126,4.26717190826755,6.92521815526412,4.06604895954454,1.36863942588117,3.09387551797179,3.33918495003354,6.74239727118293,5.17872008446677,4.66992235862977,14.3231775189788,22.9042342257931,22.1111903047259,2000.75
4.73400306551015,4.23177542305443,3.50609155132436,8.19878923192973,18.5414679827541,4.41256585842561,9.6504397549178,3.7182662711206,3.4642427793067,7.77173877799011,4.74272959482434,4.28844519634317,6.96188804119405,4.07998945250046,1.36863942588117,3.17742483560038,3.34661819426666,6.77086890512562,5.17437259998477,4.680526197313,19.7102884741038,22.9782184666568,22.1407427649147,2000.83333333333
4.73383082881208,4.24191778835082,3.5201442815613,7.26148868788845,18.9193745196936,4.39341034728781,9.59320261041254,3.52052080729065,3.48144998763248,7.84239881026976,4.71557307352101,4.27339997084606,6.99412542421223,4.07896600320896,1.36863942588117,3.21979773881186,3.3517435056358,6.77032004893504,5.18099769340152,4.69316031511531,67.2854082601315,22.914270654568,22.1508629820252,2000.91666666667
4.73318329675092,4.2496886163239,3.53442652161438,5.9958730334492,18.109276542026,4.39784914350768,9.50098628976923,3.51760952097952,3.49662165846949,7.82608539361893,4.74314175434365,4.37102142444472,7.00284555192394,4.07806391621614,1.43983512804792,3.32438359191098,3.35916015750588,6.78758913830395,5.20027241514689,4.69621565392939,4.93439993951429,22.9731371555438,22.054955180777,2001
4.73255355856539,4.2504378427047,3.55329059537146,12.5162920335201,19.1661679898662,4.40879862045588,9.44043182874563,3.56866033484656,3.50915492534674,7.77350697707033,4.74480127871853,4.3588290963469,7.02941671374206,4.09179835714755,1.43983512804792,3.28443442323599,3.37237475789324,6.80148228099003,5.20438752661005,4.71366523674596,6.15987188952877,22.9423058386657,22.1311553320258,2001.08333333333
4.73075646884495,4.24875750085141,3.57227790657343,8.38687583915276,18.3387962550602,4.42005289654923,9.25561065166407,3.44750267053497,3.51852768559079,7.81311760778595,4.74784520760334,4.37435595287872,7.0641854819986,4.10320804695888,1.43983512804792,3.31121043314793,3.37394953846157,6.79843958619588,5.21284076486522,4.71976109253544,21.2586958680662,22.8804742399741,22.1449752479111,2001.16666666667
4.72932827976702,4.25127081390936,3.59000005093137,9.35011296946021,16.9735897046316,4.4401697734148,9.10640465481623,3.47295278348257,3.53099934462831,7.84185700780466,4.7669529066004,4.35915231542066,7.10073823974849,4.12569123092902,1.44926916028128,3.33522692142233,3.38310674108825,6.82479160547298,5.22498492207875,4.73649548310725,22.4028547852809,22.8842455545758,22.1911015717977,2001.25
4.72722802602828,4.28330410108976,3.60754096445469,7.62001196451893,17.583390723853,4.42433795959565,8.87438088752998,3.55462995574664,3.54500673765688,7.86004060835381,4.79537994750222,4.38327944308955,7.11338244327927,4.1353112383411,1.44926916028128,3.3406073239563,3.38498694308213,6.86943863529144,5.24200602672721,4.7547481495534,25.9343204442267,22.896452982071,22.2800371575347,2001.33333333333
4.72552475026996,4.27355320620218,3.6236196395789,13.3777828857563,18.4671200068302,4.47501991408061,9.04376048255093,3.54826768116056,3.56164292269958,7.88259255693588,4.79141519986529,4.39385639011378,7.14138330648971,4.15226796500936,1.44926916028128,3.38391043606588,3.38599417390013,6.89011185832744,5.25388056342435,4.75927185558201,13.4062990449534,22.9484853433365,22.2831847020356,2001.41666666667
4.72361407459655,4.26500309918543,3.63049835742058,6.02143245401933,18.5982343656832,4.47561644229396,9.09217411716836,3.41795831653386,3.56313828121457,7.8563230553062,4.79951911613832,4.41902785180549,7.17993300180627,4.13965237256576,1.3297240096315,3.42552837132537,3.39170825727038,6.90889961073786,5.27569805035462,4.75798929409666,6.80840391858596,22.8079896372476,22.1975203763599,2001.5
4.72124476559942,4.26430349013712,3.64121073715721,7.58031964089077,18.3407357381266,4.49760027201143,9.06629831107666,3.42617273041363,3.56200640542849,7.90687288904153,4.82117335513447,4.4434204576714,7.21531374500206,4.13503445936717,1.3297240096315,3.49241760696567,3.39885268213225,6.91749805321885,5.35451732033806,4.77169429426582,17.4477088143032,22.8648269203296,22.2471983627695,2001.58333333333
4.71944649194886,4.27738550758418,3.65359728009742,7.40796758959326,17.426160471156,4.50934893552221,9.01987564252003,3.3856123173085,3.56139585155744,7.94181904480585,4.8219484835007,4.44900614688955,7.25950490266526,4.14532485381513,1.3297240096315,3.52052693239004,3.40465014928045,6.9321779557667,5.24357067357538,4.77218320106121,1.54158418795539,22.8737800086324,22.2274455792686,2001.66666666667
4.71679490212061,4.28860536909426,3.66388343314099,6.60677358926031,17.5477821009766,4.48821999154166,8.86757254154013,3.24077830205897,3.56003900431779,7.97324249379,4.82850821004646,4.46260100450559,7.29194326648329,4.15255647315272,1.17557332980424,3.52984282176357,3.41711079243157,6.94038332456853,5.17414783937115,4.78195439894193,22.9012171613493,22.7783746519461,22.234235480849,2001.75
4.71332281866979,4.29258250772218,3.67675983973469,12.3228322224267,17.3037161983472,4.47339610209422,8.73264373092822,3.19281894674562,3.56378501415316,7.97754282755242,4.82262832232218,4.47299638915613,7.29036086300192,4.16215659852879,1.17557332980424,3.51336915279675,3.42789378024341,6.93800909566869,5.2176636368003,4.78991126370254,37.2908024390529,22.8017137478983,22.2859105449466,2001.83333333333
4.7104371138823,4.25620526343497,3.69085976882711,23.6404168749497,16.8082867025489,4.46977092988445,8.423329068368,3.22130387168394,3.56959125130417,7.88120500909626,4.82884287654594,4.50507012230696,7.329583506504,4.16951182700944,1.16938135955632,3.51037593742632,3.43459612385306,6.93524045947554,5.24811753732311,4.79338305817468,98.5568381564733,22.7363296839748,22.3088625523185,2001.91666666667
4.71277634417286,4.29089202028556,3.70915640594351,11.7112420298902,17.3719246735206,4.5148236674004,8.12561961768575,3.23386366998424,3.57047958482305,7.93585339606788,4.76715439603936,4.51426407499485,7.3343194266948,4.18821300729773,1.02604159583327,3.52653349917302,3.43999436387918,6.92012276846387,5.24880079726328,4.79766286437416,35.4113180599987,22.7477857689933,22.2997997036496,2002
4.70888070568573,4.28260835662096,3.71624309671743,13.6636854355692,15.9140304457283,4.50891725177968,7.72122408425922,3.26869768953711,3.56710330698284,7.95660039583192,4.75658656673956,4.52833070193266,7.34683340176435,4.18881447468119,1.02604159583327,3.53662847759278,3.44444052061744,6.88983317211151,5.26002603346914,4.80109726823126,14.932119692362,22.7294445373927,22.3056229241736,2002.08333333333
4.70436727096698,4.28504867517263,3.7275081633941,12.7942753478338,15.6008150220984,4.49842309000303,7.97141872120654,3.397078845444,3.56922362314191,7.94663208533952,4.78953469870359,4.53178767716034,7.36751473593502,4.18994325387494,1.02604159583327,3.53562588925129,3.45214810335272,6.87529995612019,5.27084343644319,4.80783965836374,12.6540244265983,22.8437309541782,22.3706064021929,2002.16666666667
4.69864855992468,4.28245969383125,3.73787328471127,10.0349636265078,17.9112326064188,4.58565672550385,8.29637013122428,3.48066813693895,3.59109231671519,7.98663404172147,4.79996597792885,4.5498143541204,7.39306105690068,4.18682775620491,0.940007258491471,3.55587318726408,3.45167554252818,6.85061129666486,5.27531246410863,4.82612123075674,3.44634518493004,22.9682757588491,22.405780790459,2002.25
4.69536437063638,4.28017025202288,3.75528370753543,5.76475435249444,17.1225020771213,4.49518582763853,8.49266751477418,3.44468034882182,3.61320679572093,7.96272337593812,4.80747966488386,4.55148642961522,7.42648901508978,4.18071652629237,0.940007258491471,3.59788457974491,3.45215476713173,6.8518577361647,5.28161281229612,4.81424428013145,5.76123954383277,22.892244815594,22.3944590967694,2002.33333333333
4.69096798697322,4.29901766177058,3.76069391035176,6.63385927085625,15.6613740690791,4.53416728421266,7.89170714911212,3.40455557654153,3.633432125185,7.96696953661688,4.81924433577606,4.56682733593469,7.44246100922847,4.16280579884365,0.940007258491471,3.63434634032372,3.45920542195763,6.85594751728106,5.28474950403118,4.8340394071431,-2.14021627068816,22.8629633012946,22.4597116587627,2002.41666666667
4.68602462019043,4.30893309071621,3.77035109089505,13.3745291464635,16.1285866011855,4.59215539881906,7.75728919049809,3.46438335085183,3.65480899184368,7.97647689552456,4.83948922796224,4.5857328783127,7.47112770004687,4.14356128764589,0.924258901523332,3.64487854427066,3.45812471689093,6.85673432428063,5.29045174880348,4.85269951400089,19.3613362016239,22.9271685269004,22.4740050802435,2002.5
4.6807786743278,4.31972212891325,3.78146361157792,5.12901888034107,15.1437678430502,4.57903714873062,7.52919514427784,3.45208896822254,3.67244061905136,8.01780006239218,4.83391855153543,4.59209522655417,7.49890949390644,4.16175853272536,0.924258901523332,3.69488150724082,3.46055773322331,6.85908342416031,5.31516512703257,4.86069276523289,9.5644953468348,22.9729513752194,22.4652808464201,2002.58333333333
4.67492700909609,4.31233062971015,3.79216236233432,5.72810201845134,13.5330771110132,4.57724840816781,7.91249035340561,3.49856136479674,3.68387760528948,7.99162230620766,4.84779314049504,4.59154915117274,7.52464110276286,4.17272319696252,0.928219302739429,3.74135645876662,3.4573381551573,6.85752486882536,5.20006684795197,4.86814120461443,18.249416181921,22.9911481757576,22.4951400025371,2002.66666666667
4.66977572100036,4.32130087283781,3.80259923913368,6.14768711235223,13.8466214971108,4.6282818943368,8.18853000846899,3.54855920336093,3.70269499065567,8.00745474320655,4.85838111961061,4.60078689127023,7.562854311695,4.17782258499886,1.02245092770255,3.77634618402621,3.45427201098052,6.85027378997365,5.24405713385911,4.87640293485275,-41.2001280063787,22.9855072843226,22.5232341132628,2002.75
4.664504022822,4.30768708483851,3.81807094148718,3.5389174744037,14.8224988341544,4.61426543486856,8.34331011108297,3.46288497667313,3.72292063037158,8.05454731519635,4.8450033820575,4.60727820157093,7.58618044334963,4.18050370086612,1.02245092770255,3.80591419968793,3.45301629593733,6.84548576872162,5.27963380635667,4.88186893794242,-10.5655030696286,22.9308451782301,22.5239451144201,2002.83333333333
4.65890502913247,4.28847009308822,3.83086049213384,4.94951733919867,14.887369657093,4.59480607937659,8.51644500461148,3.64847041930153,3.73600135280978,7.87626374951091,4.86255235261004,4.59848498874081,7.60861809553247,4.18767576156972,1.03318448334565,3.80285164788049,3.44668298873199,6.85438334940269,5.26036549446399,4.88051095537914,68.0920524058545,23.0317970061034,22.5012391701344,2002.91666666667
4.65245311815246,4.34504005292076,3.84236248634328,8.04897669036891,14.0600572139249,4.67666790968274,8.72184021211914,3.69846183011052,3.74058912852908,8.08819773115521,4.86511862769067,4.61126457511637,7.63294167177059,4.1806618226246,1.14740245283754,3.85552811898761,3.43938325973908,6.8563750294376,5.26345374039221,4.89080009015259,1.72306050862896,23.1022778497606,22.5742152328767,2003
4.6468009048089,4.36066413535313,3.85477483093786,2.5594219467548,14.1699776063779,4.68443325942431,8.79701398226764,3.75387664973785,3.75770509498244,8.09352852118593,4.87004616131163,4.6234385364179,7.67167052450483,4.18058252515579,1.14740245283754,3.91752322011347,3.42696761169711,6.899409088746,5.26919607462538,4.89425749450101,-1.47123717583862,23.1229066030245,22.5813534741415,2003.08333333333
4.64185223039606,4.38476165815715,3.86472119022591,2.81106716042069,13.2679143624778,4.67948797487283,8.77424069476766,3.6321251006211,3.77005962290671,8.01584469207443,4.89485639655132,4.61214052338827,7.70939295911313,4.18741846600545,1.15384841714336,3.9603467902391,3.41623242797128,6.86605378989775,5.26989560806153,4.90436344429905,8.19903658424784,23.1592349824741,22.6070195108615,2003.16666666667
4.63536442845815,4.38915294668234,3.87411254446665,2.04605824949631,15.4715490152674,4.67310517628889,8.78665604306391,3.45394416387003,3.77911470348128,8.06455054692492,4.9146742257322,4.63567791806506,7.7470574186967,4.19810318438211,1.27474187521414,4.01733507323058,3.41184460708191,6.85863495096028,5.2693967048829,4.90741050215248,24.1563724491373,23.0271007914958,22.6288259714735,2003.25
4.63176866553557,4.3845245542383,3.88250515740189,1.47889763469017,12.030550947038,4.67727992175977,8.83997897657351,3.45776233062289,3.77863161427901,8.06390473030091,4.93332290450086,4.65193134343883,7.79335598289979,4.18206663426739,1.27474187521414,4.06320333873118,3.41482267017771,6.84763300543127,5.27021809451913,4.90903371419237,20.9568848652704,23.0952286222052,22.6443338323116,2003.33333333333
4.62671330918395,4.38134508621494,3.89188690152352,1.47816883669372,12.1989983542204,4.68795221122674,8.83246049719629,3.54077727886834,3.77522613478855,8.06609406225882,4.92326986605986,4.65780073984389,7.8384612547245,4.19624984274181,1.27536280041261,4.06515270884044,3.4220182570698,6.83929856028274,5.2667480596395,4.91848623679608,0.43706474626892,23.1525532717247,22.643602854781,2003.41666666667
4.62197392748533,4.39194556803715,3.90097496771886,4.19665133631099,12.1201130826445,4.69288516917685,8.82771144116354,3.55308906763787,3.79528421329663,8.08412644786901,4.95122275806476,4.66661944410471,7.86465343838056,4.21508376478899,1.28370777234479,4.0910730349038,3.39653893954076,6.83464952284105,5.18674627341998,4.92413511505284,5.53612587770008,23.1294172699683,22.6761464156274,2003.5
4.61609673303936,4.38745955274698,3.90694963287202,4.07369904185186,11.9764105489099,4.69140594354752,8.74346948614847,3.55407145544232,3.8083781741787,7.96859721247459,4.95028551094692,4.67720412254583,7.89239304511306,4.23221951098765,1.28370777234479,4.08855401012831,3.39176633765616,6.8378721944439,5.21373420419656,4.92498289530158,3.00893454078238,23.1723337538735,22.6957269298023,2003.58333333333
4.61164640981784,4.40270475309459,3.91632196898971,9.4577996537118,13.2740594840923,4.71609375654487,8.55435589271459,3.46527658673207,3.82028757646036,8.00925704582754,4.97101755994407,4.68022318268449,7.91490613596954,4.22688079671501,1.28370777234479,4.08685237306704,3.37581393301484,6.83266354799005,5.2925343612881,4.93546531046808,7.04244307496961,23.1492222268041,22.7000830822445,2003.66666666667
4.60639856179121,4.41094036019289,3.92645082855452,4.70424236801529,12.676992414544,4.72816880554579,8.32699038227866,3.62453576733898,3.83021840392952,8.05942892793417,4.98105982944448,4.72426361778452,7.93962505491528,4.22253737966705,1.28093384546206,4.13616891743465,3.34357789877094,6.83400511289372,5.32500071613506,4.94360172481378,33.9657242708529,23.2212889814838,22.7018821448417,2003.75
4.60231322336035,4.40739660676697,3.93521975573084,2.81907046439992,11.967158055044,4.73688021067823,8.06539563211046,3.63152939238372,3.83908998587072,7.95884475531614,4.95509706644186,4.74852113660684,7.96811544748084,4.24299043558212,1.28093384546206,4.18070398556257,3.35332065087604,6.83616097709139,5.27690828732893,4.95063584868754,12.2474999454867,23.184051443822,22.7080134950726,2003.83333333333
4.59782095012002,4.42317763107032,3.94427286266868,1.34537078512788,12.1995295808763,4.7510298695955,8.30483428477038,3.69504589973298,3.85989633161626,7.98624915133566,5.00236826878987,4.73526448727244,8.0241555538099,4.24678178621111,1.28093384546206,4.29203879938754,3.35367256733622,6.839460103123,5.26136524658094,4.95508830744619,74.1433964492007,23.2555842821459,22.7386377621327,2003.91666666667
4.74673299340603,4.4324232783831,3.94843596173445,1.23297400534101,11.892257988518,4.87473571811663,8.51398879698879,3.69074700038282,3.89835493586024,8.06970452711917,5.07346580992124,4.73747007140627,8.0930439070018,4.25316146105547,1.22082992139236,4.40868949068871,3.36932271954058,6.86530069079102,5.26866334004574,4.98898410406462,11.1327231243958,23.2805388739214,22.7819134090982,2004
4.74066396467828,4.45386294900776,3.95490382481864,1.23280809205578,11.1449063930279,4.74995871793811,8.71901619326482,3.71139346026375,3.92932424340642,8.16488791896295,5.07953580315153,4.74306709778117,8.12983740857117,4.26418847963806,1.22082992139236,4.4173740540315,3.3695136378367,6.86540823181742,5.2728012432967,5.00256751682999,66.3511945791411,23.3071482342701,22.8027534918401,2004.08333333333
4.73615541263758,4.44508975804318,3.9615210689158,1.77532585436965,11.7240194126388,4.76372111885311,8.42934713022137,3.73987924047487,3.93902831534251,8.056954838928,5.08267389011892,4.75500942657909,8.14688746284054,4.27720809506785,1.22082992139236,4.37773464752683,3.37033671565543,6.8546215309539,5.27037645544915,5.01298853584854,14.3519748027718,23.3136631161871,22.820537687219,2004.16666666667
4.73245244616883,4.4552388106891,3.97093180122783,5.26536844267799,11.9220070590244,4.76702795842732,8.15952160966779,3.73452544404708,3.95723449418513,8.08986112211869,5.08533378664109,4.76605280067553,8.15726075796648,4.28168317380664,1.24703229378638,4.35354088653552,3.37016919209551,6.85235209461058,5.2765676621062,5.01749793128616,82.6103707771776,23.3896586556188,22.8565202732112,2004.25
4.7294523215787,4.46070149136776,3.97981031045081,11.2758617223319,12.3481625813643,4.72435284458309,7.92251058167546,3.8450319812726,3.97346005382854,8.09975576622339,5.09492742507363,4.7736295769596,8.16457244503148,4.28418903752357,1.24703229378638,4.36221537979715,3.37114817575951,6.83903212583568,5.27986046022979,5.02128789248742,47.9007341594384,23.3629610058379,22.8784714895284,2004.33333333333
4.72597000651435,4.47121639863236,3.98910445424479,7.06682188841819,11.9673084067081,4.77326427395414,7.85357730504792,3.78265836656849,3.99683113338386,8.05686148437629,5.10288912209534,4.7811258452876,8.18747280125548,4.2778830497407,1.24703229378638,4.40497517251604,3.37503858832423,6.82515677632319,5.28480494231677,5.02868307827838,56.5061305513704,23.429071713987,22.8839007266011,2004.41666666667
4.72150163887544,4.46767971530875,4.00060955635723,3.91081370174532,11.5707174441444,4.78330514150485,7.85598834682558,3.83514206173451,4.00750207387806,8.15476959926439,5.08711750896006,4.78349154536441,8.19179356163088,4.27660885898344,1.33762918913861,4.43229193812869,3.35597051739973,6.81592255130799,5.30048034414313,5.04131311811245,88.5978689509168,23.4422395115672,22.9128207975598,2004.5
4.71914629902384,4.47869029467292,4.01287802836285,4.21599635785373,11.7641003362334,4.79499403506903,7.84387553195803,3.90818432602236,4.01903720314007,8.16008149556584,5.11291887764041,4.78605202904018,8.20296260745361,4.28888073405371,1.33762918913861,4.4650821388725,3.33673912330688,6.80297384574724,5.30865742645474,5.04676129826128,59.1194712994968,23.4892050462849,22.9342673255129,2004.58333333333
4.71502716528476,4.46926998202609,4.02337439287405,2.99779072381094,11.5046751901148,4.79199941659715,8.05029528458908,3.94954683112547,4.044677724538,8.10502286539135,5.09709120498221,4.78230868963727,8.22385251690295,4.2964019429184,1.33762918913861,4.53800002425217,3.32218027760779,6.80024075472069,5.27198982878229,5.05508831280994,107.895161884317,23.498342460284,22.9360747698024,2004.66666666667
4.71149048024723,4.47015898547954,4.03512324130064,1.00129872196645,11.0261324584181,4.8160213930281,8.14296432684655,4.14983717946365,4.06870820033517,8.17495034869672,5.08558387037946,4.78313866835357,8.2670605467862,4.29453564317106,1.46787434811231,4.6648872920238,3.3280039752116,6.79988337515054,5.31724218959346,5.0677145523169,79.1106041018958,23.5555348635245,22.9659361926601,2004.75
4.70729036537513,4.48041953116994,4.04587766304517,0.894844572827689,10.5446654971312,4.84418693720916,8.3081668309549,4.037988022614,4.09961091278938,8.16296432765652,5.10222046774055,4.79071017550924,8.30420143361425,4.2992621944469,1.46787434811231,4.74517587742641,3.32485409315881,6.80382882259783,5.28797586115831,5.08302921064615,94.3580149106933,23.5922015606139,22.9888062422719,2004.83333333333
4.70364730602537,4.49426231652757,4.05539854549364,1.05750096333745,9.75400936007291,4.82959649191372,7.9892031112306,3.97470509117309,4.11735671183103,8.19478870710354,5.12034181485235,4.79453071484719,8.33093001877031,4.31273797047614,1.46787434811231,4.78492468825445,3.33277686719004,6.82412623173482,5.26402246614755,5.0835489745401,145.858831403877,23.5733524144751,23.019580338277,2004.91666666667
4.77022355551393,4.47531835201496,4.06815322362468,1.25083344713847,10.5946756294395,4.84464703132144,7.76909608253197,4.05049132108996,4.12318003583512,8.18393549583047,5.13342045856389,4.83328810428501,8.35666786789428,4.33333784340044,1.62136648329937,4.81807266126474,3.33100323843218,6.80001207807323,5.2775265229427,5.09440231825653,204.939773792799,23.4984434005177,23.0509420989662,2005
4.76923230452573,4.52505927868568,4.07718445843799,1.12457705847014,10.6303380043367,4.86910504501918,7.62014995857104,4.11747431663423,4.1332316639567,8.19418261117264,5.16245831515191,4.84442397536911,8.38599125627423,4.33842129834328,1.62136648329937,4.87625204234727,3.34259024304187,6.7791418377906,5.2789402922698,5.11238632081499,130.462950351781,23.6046677151129,23.0673881970415,2005.08333333333
4.77285905117449,4.49726468427674,4.08867700354589,0.990409231827862,10.5342055927752,4.90250051250031,7.55323979364595,4.20247501317756,4.15052432202811,8.16467341582847,5.16062968288703,4.85588198441522,8.41114768813224,4.34268723726254,1.62136648329937,4.897457272114,3.35678126505707,6.78329665891631,5.28066814157037,5.124768996578,149.841080259624,23.6613972409592,23.10201265723,2005.16666666667
4.76928655543444,4.51076489835733,4.10021653093619,1.31566558780652,10.2610585995325,4.89061638523891,7.52678785713525,4.16916603510183,4.17267684083912,8.1308648668165,5.17304553483047,4.8562593711802,8.43421320546246,4.35938920192338,1.70656462316482,4.92742286784787,3.3556326988271,6.78325864860916,5.28796721070776,5.14650299960692,128.009710301747,23.691176317926,23.0725386812967,2005.25
4.76474386798996,4.48031579544212,4.10983166561776,3.51933737205655,10.6922372699536,4.89024786021347,7.60257194878366,4.08930226889479,4.18714926668195,8.14720458118466,5.13843549168526,4.85442667886512,8.44980868187952,4.37148205597661,1.70656462316482,4.9293152475001,3.34693221658698,6.80606520138934,5.29846212329681,5.15424757571546,69.4790209691992,23.717081722502,23.1027215215513,2005.33333333333
4.76178994493461,4.52816567709901,4.11826763002384,4.2719736521786,11.2216220252638,4.90208945726302,7.60895750054359,4.20314445310458,4.18528206119516,8.13453472433874,5.19909866915044,4.86350637776116,8.47592992003875,4.38149514946349,1.70656462316482,4.96832610790185,3.35026541596215,6.81828843211814,5.30400511123526,5.15378322614738,135.429958524266,23.6858264455111,23.1095777778355,2005.41666666667
4.76008417716301,4.51764115857284,4.1243992193389,3.45020493348296,10.4495831070942,4.90101519339853,7.61775248524637,4.21720276415298,4.19003726097834,8.01259437275397,5.22497833991846,4.88212533046955,8.50833418568775,4.38208245005478,1.81319474994812,4.93050769316807,3.34808425673084,6.82167894034617,5.33081077119718,5.16153300107098,87.9813286517085,23.7693891316403,23.1813511387723,2005.5
4.75794978757907,4.51553107885565,4.13112673667397,2.44237286550961,10.6636468118448,4.90125255589478,7.65141217749832,4.29601785486204,4.19947194831407,8.21302199271101,5.21675170358239,4.90271848854285,8.54206752519982,4.37561236157334,1.81319474994812,5.00680320744963,3.35777352064159,6.82859033390728,5.33823080416393,5.17017844588683,102.253880264007,23.7146921657786,23.1508094321263,2005.58333333333
4.75572525520824,4.52832245178226,4.13847803266273,1.35332040148028,10.4703089504749,4.95335617015813,7.56116129098047,4.33538519798545,4.22374443554591,8.20165673905198,5.21491574591774,4.91571339952299,8.57102653911211,4.38322974092169,1.81319474994812,5.06729013511604,3.35211547843134,6.84049133026142,5.30857902832216,5.18472083804155,3.18641409252702,23.7761304811018,23.1828602136352,2005.66666666667
4.75315496344201,4.52691360317374,4.14504609059773,2.63805316686996,10.6733847952703,4.94193002220026,7.49265061382449,4.31891411563149,4.24593148708832,8.14561956808855,5.1864336008379,4.91777551092711,8.60176092396179,4.39807111473246,1.94017947434633,5.10192008215256,3.32557758128887,6.84608658649631,5.28020118791713,5.19019844949352,277.862251629039,23.7854882794535,23.2077673743161,2005.75
4.75063109412338,4.53874148820723,4.15214326871034,4.63391426712862,11.1347197934297,4.93952979603382,7.47837537731658,4.29056760367466,4.25211777645741,8.17579205188215,5.24942949497445,4.92881685300006,8.62642476922522,4.41020147585318,1.94017947434633,5.11584016237298,3.33802532782058,6.85693500626803,5.27672502813341,5.2017137792083,209.126963218392,23.7980665807976,23.2481282826094,2005.83333333333
4.74868679419716,4.54449090554943,4.15897431412884,4.6650620802107,10.7746288116337,4.98868649363254,7.41320458724329,4.33660730080892,4.24678265344537,8.29899791860117,5.23874216926561,4.94579730523934,8.65800558010842,4.41473395829202,1.94017947434633,5.1624817936355,3.32749651814724,6.8671372472767,5.30726105475689,5.21571291995691,210.241711514886,23.83188492196,23.2579113532997,2005.91666666667
4.73638276499558,4.52131350573961,4.17053565170907,3.54432123229423,10.0887496403169,4.97141013606922,7.1913273061574,4.43325736732082,4.25456642901651,8.00535951120909,5.22665561612823,4.93707031720513,8.68900235624319,4.42519265389777,2.0360119837525,5.22248899689849,3.31336528162216,6.86455874824034,5.30545142776307,5.207328017146,136.008838410728,23.8935857855207,23.2358251995516,2006
4.73399318944923,4.54223079393808,4.18344740378481,3.20054872032883,10.6441076073025,4.96462854001779,7.22734304400935,4.40459822783141,4.28583391995717,8.00029275923906,5.23754131263536,4.95331541417166,8.70451673809355,4.44589159656778,2.0360119837525,5.26183756303791,3.29782979532539,6.87568142315782,5.30466488357183,5.2203030421742,183.990848024097,23.9090124277048,23.260014701578,2006.08333333333
4.73239653197191,4.55783781775115,4.1899019226052,3.29882802404799,10.190496697145,4.99657939502619,7.31403413709469,4.37679902880663,4.29470393612148,8.21410885646725,5.30636718847755,4.95712866825408,8.73346198865169,4.4612153618419,2.0360119837525,5.30510837185748,3.29673919314968,6.88113385573645,5.30543344116038,5.24593616698837,209.995671538949,23.896430958919,23.2909827275599,2006.16666666667
4.73106723992681,4.56084392157034,4.19429345353356,3.33906583328715,10.6994985764556,5.0017361739604,7.46889260430533,4.47111349409707,4.29972233014089,8.25717517800543,5.30275323382355,4.9706781697821,8.76309717492354,4.45402270073067,2.09679018001445,5.37258422788247,3.29095804115845,6.88104170475009,5.31210279010098,5.26360530241954,148.297070176789,23.907842425344,23.3020527568909,2006.25
4.73059588608508,4.57230709969647,4.20032680341502,2.79012750261531,10.734795624792,5.05366225216778,7.80420171650102,4.44533204165807,4.29870776297194,8.28554247723819,5.33571403499338,4.99735360010084,8.80564253532252,4.45223549613885,2.09679018001445,5.44179545873408,3.28058656158723,6.88844844649104,5.3204786795687,5.27628573108082,256.059142965415,23.9800059431059,23.3931285541477,2006.33333333333
4.72893886509796,4.57361421844179,4.20521500618629,2.97952933950907,10.6626269119463,5.05259615045056,7.48824398533836,4.41553831580681,4.29969364297552,8.37735073101774,5.36295125842024,5.02200654375488,8.84128825060292,4.46628552916595,2.09679018001445,5.46529338487304,3.28733165275208,6.90664604016928,5.32515935987891,5.29295168358546,172.997104682723,23.9589374142492,23.4864054820358,2006.41666666667
4.72572921450176,4.57786989003701,4.21330477677315,2.01745847279424,10.6308188971662,5.0485936251372,7.29878574395171,4.44882674481055,4.31525204476701,8.16569979118383,5.35479309349301,5.02703791816044,8.8796134043992,4.47329729007066,2.12823170584927,5.52014924184207,3.28894646006316,6.91207438584108,5.32312418610633,5.30271124937311,146.244636572821,23.9457525998432,23.4090384961337,2006.5
4.72296082220839,4.5929587449223,4.22252967462956,2.32312234139389,10.4755499910364,5.07491951172035,7.04092923025642,4.42772425597268,4.32410939801952,8.31316470990491,5.39489284706347,5.04112691503555,8.91285570899092,4.47949302280662,2.12823170584927,5.53798890492011,3.26990437562804,6.92030724028676,5.32861575624068,5.3088568089331,240.741386961351,23.9827158052336,23.4340784269439,2006.58333333333
4.72183798634095,4.59833748482479,4.22736432251229,3.35848751594822,10.4850221280845,5.04548640872447,6.98078204848983,4.34297517232635,4.33786407187898,8.38525107712947,5.39624505841638,5.05520832616973,8.95008347863467,4.49112336190259,2.12823170584927,5.56275974444118,3.26231645878128,6.93619890287897,5.35347568974981,5.31669111459363,198.372576020147,23.9639592482265,23.48461091208,2006.66666666667
4.72171501844427,4.60540205684409,4.2318777423282,3.72403004055918,10.0073344303287,5.06771456241827,6.93428499892748,4.32484803051431,4.33241704219885,8.36833233167318,5.38936858970319,5.06384024745165,8.97864409059395,4.48828341828217,2.15755932094379,5.59156257221751,3.26378562922402,6.95953188285474,5.34022026324708,5.33114827027808,215.303851055995,23.8592745819232,23.4996447683596,2006.75
4.72261277312049,4.60722479861738,4.23838959280678,5.0252946161625,10.2936744509008,5.07154042214608,6.75728087320333,4.34258679796893,4.32809518571157,8.40347791997686,5.40855544616192,5.07363983575087,9.01436119384223,4.48957265757182,2.15755932094379,5.64829760472554,3.26274020412869,6.98958402860072,5.36823422917414,5.33981261056469,195.123033181948,23.9082959025339,23.5160697241982,2006.83333333333
4.72112644114308,4.60764372027046,4.24504411401236,4.86554539616597,10.178969585911,5.12517846880351,6.66326360408645,4.4345724623653,4.34869832442955,8.45925306546794,5.4057538055813,5.08589896844807,9.05634000074592,4.49317381345193,2.15755932094379,5.69226043044973,3.26548825952921,7.01729321950612,5.35380763786939,5.35422033757567,226.206682589938,23.987750978304,23.6372564540922,2006.91666666667
4.74926496904698,4.60996875813433,4.24988968579486,3.78908436296657,9.94336404200788,5.08143005740203,6.56661824267379,4.29455800730071,4.37246711428302,8.50423204280199,5.48890027488247,5.11339842834102,9.08632238466146,4.50784033456233,2.12704052047911,5.72117946430101,3.26021347542336,7.01200759161739,5.34645003759623,5.34812226572675,164.10461248924,23.9160944766201,23.5771603390794,2007
4.74790694670798,4.61304854571877,4.25681059434389,3.98151148079235,9.78342217356398,5.10064610983888,6.52417542921608,4.37895520535505,4.3738606738906,8.49917223302062,5.44368951669874,5.13946027101763,9.11461741484748,4.5106789154585,2.12704052047911,5.76039902343763,3.25937152668803,7.02446136259549,5.34381972097778,5.36521353549178,212.795513460638,23.9746538387889,23.598099159617,2007.08333333333
4.74718485172946,4.63104735435905,4.26160163588045,4.93860638888831,9.94824401186312,5.08663814981736,6.32250043066696,4.38691967938376,4.3551475022113,8.48629100027983,5.45859940141978,5.13828629780573,9.15848482838171,4.48149836639717,2.12704052047911,5.82437466562879,3.25514320304186,7.02905278279555,5.35313694869125,5.38996888780372,188.861230014435,23.9827364876129,23.6320530449877,2007.16666666667
4.74699582137269,4.62490812884468,4.26777827615626,3.36067992004073,9.81167564124297,5.10678367834084,6.25809486091087,4.41785769884812,4.39573700775804,8.5132930353816,5.48132296212141,5.15093296420124,9.21847290794862,4.50473797007378,2.05796251000271,5.87744783315973,3.24398267897133,7.03577516794774,5.36012352634908,5.41011403565953,146.164296288184,24.0285768190489,23.6668138244081,2007.25
4.74530162584639,4.63526182754269,4.27567582974886,3.69200972813374,9.45944437051844,5.13362901393578,6.13093181846058,4.39256023531741,4.42605870217424,8.52170962576363,5.52629960523757,5.16338211921612,9.27396007498483,4.50602820690651,2.05796251000271,5.94490662794201,3.23979498206138,7.07875962482417,5.36947928333976,5.4238967202059,221.567203617629,24.04735487043,23.6922159739873,2007.33333333333
4.74407353235278,4.64677883259337,4.28607387459635,3.52577388403867,9.69494512464939,5.12790620845899,6.05847819053368,4.43160964902014,4.43796497732891,8.56597738520198,5.57112650826571,5.17509988457552,9.26914821746161,4.50979505659546,2.05796251000271,5.95116001758397,3.21571257920935,7.09954751699254,5.37909283049963,5.43964531460405,119.05726373416,24.0165937360292,23.7532575540173,2007.41666666667
4.74383418496871,4.65848641666918,4.29669940633644,3.59468031356754,9.67844483603195,5.15979379406957,6.04817469379057,4.48217676646144,4.44226733209678,8.50441324174979,5.56772860938282,5.17781293438565,9.29157513550824,4.51808353377594,2.05284085988266,5.96807011513087,3.20957834535921,7.11119944763349,5.36879258537261,5.44789581768929,215.776843084437,24.0589729201306,23.7477543718798,2007.5
4.74290388374874,4.65524810856682,4.30522084423192,5.27042499298564,10.1008081717276,5.17108010808708,6.0658304458292,4.38958074199069,4.4499815550884,8.54307610752477,5.55492426819534,5.17960902699475,9.31592754806259,4.52489684376003,2.05284085988266,5.99958887339263,3.19394361900278,7.12655193111942,5.4076616422209,5.46355204367288,189.508581132306,24.0706694166427,23.7659697638856,2007.58333333333
4.74108392661081,4.64863012799234,4.31609179563593,5.95468980208671,10.4259035498167,5.18645223021653,5.96998590765408,4.56215769831666,4.44969153997084,8.55824778525897,5.51720898636188,5.19315002687912,9.34203839838992,4.53356062634945,2.05284085988266,6.02674734672612,3.18627622705874,7.1285890813151,5.35815646074591,5.46899474591728,118.652567759577,24.0628901230672,23.7589465474847,2007.66666666667
4.74025648913417,4.65394506184512,4.33374172697303,5.25446417088022,10.5938614757072,5.17330513776623,5.85945882616526,4.68570423216619,4.47702228941985,8.5182951069542,5.60176359945255,5.20895616434931,9.36083011406748,4.53409033173475,2.14710019015365,6.08018473313376,3.17764899819411,7.15516092489688,5.33838465233902,5.47626785403708,694.507071605297,24.1991810743133,23.8086369396935,2007.75
4.73941258200757,4.66462348338309,4.34648773840816,5.10261846860643,10.4760903488704,5.20265352386635,5.78051269294301,4.80249083896452,4.53064958914454,8.59525117199932,5.62078612295418,5.23471343718727,9.42983627864866,4.54446882227108,2.14710019015365,6.12352390501126,3.17505860516015,7.18199734577572,5.36689003899125,5.49475002576728,-423.8318789042,24.2745679043217,23.8482551932793,2007.83333333333
4.74011678978789,4.65799546193149,4.35682315715101,4.18208710195078,10.4587953963455,5.24784589163719,5.9113421334204,4.81723709443881,4.57427780246119,8.49997788851454,5.65956963723127,5.24615929817167,9.44595546763728,4.55697293969671,2.14710019015365,6.1599737182262,3.1644635746576,7.22246035756798,5.3830432703412,5.51316396714676,264.444389829292,24.2690545870848,23.888810252183,2007.91666666667
4.75146087379559,4.67649875631192,4.36866355977425,3.17774202344424,10.3877056751249,5.16432275023618,6.04661390332098,4.83265227479487,4.59918823566636,8.56656623452197,5.70056301688534,5.2494548733452,9.48072599819021,4.56450601902754,2.32922702394047,6.2025093662875,3.17896488711547,7.22667267837061,5.40434054445957,5.504976915935,284.584256377381,24.387428906934,23.88428588964,2008
4.751724967867,4.679036015091,4.37691418847251,4.5689459714105,10.793660335439,5.1513207775308,6.38723557313843,4.87426767555299,4.60663900455913,8.52098903885792,5.69432033663639,5.25280132090407,9.50013896769776,4.56278218094852,2.32922702394047,6.22293794813973,3.17279192932311,7.240524097159,5.41299609586006,5.54072020260144,309.872701502711,24.3504011925503,23.9593431506537,2008.08333333333
4.75071571608246,4.67279027234837,4.38763264268092,4.47057553551982,11.1708733554656,5.16005750089216,5.98032860078474,4.89079357406316,4.59166870384757,8.56590274078303,5.68043137902981,5.27555577951771,9.51239454063088,4.56951450761632,2.32922702394047,6.24078521723622,3.15730455748697,7.2378646467675,5.41640345575151,5.54668767872604,211.89484871677,24.4207718489114,24.0050538073968,2008.16666666667
4.74833625373389,4.67670866457121,4.4024043460486,4.33233559982596,11.2191124250681,5.18626319569975,5.85487702424366,4.90299332007798,4.62914761643084,8.52351953559294,5.70622370830674,5.29341095388637,9.50703780705759,4.57535775527509,2.47653840011748,6.24847761747347,3.15892425865301,7.19528218015763,5.42874223938701,5.5544247967856,744.012524842669,24.417073197365,24.0274364213807,2008.25
4.74622632920627,4.6820377680309,4.41707296483104,3.99037095261798,11.0767527718223,5.16158604473734,5.61165945234902,4.99694597479093,4.64819535624692,8.53846010906712,5.71069637939422,5.29025328169826,9.52193704914237,4.57851817157885,2.47653840011748,6.2541511948598,3.19814606532782,7.20670611135816,5.44158925425359,5.56531931784154,171.740987549516,24.4627110450107,24.0400808411231,2008.33333333333
4.74334876075233,4.67313645868499,4.42766058739529,3.8201032653166,11.448866015913,5.19166595129599,5.89126388527368,5.04665465814961,4.68011608094914,8.52680095976317,5.68717665730773,5.29048068381134,9.54275172817728,4.58389935977865,2.47653840011748,6.28581980231334,3.23255103186414,7.19584127646889,5.46456450863345,5.57290567785792,-178.723028411545,24.5090926501927,24.062927733765,2008.41666666667
4.74095098428776,4.67160436718892,4.43469415465419,4.6246133840888,11.9426295546103,5.21029131322784,6.07279042643618,5.03528945286579,4.72947508882445,8.71720293210247,5.67816193659413,5.31000384692192,9.55504492536598,4.58997023450975,2.66444656362008,6.32375464633731,3.30021567272582,7.2058634670029,5.47844303366842,5.58705660603886,865.891846914165,24.5176627975945,24.123089978642,2008.5
4.73757471467808,4.67641758077131,4.44438210409116,5.9520595802718,12.0749663690084,5.25772155873862,6.28049889376467,4.87634263892838,4.72233486173005,8.54907098432705,5.66456259940477,5.31530019038516,9.58093461879768,4.59273826855153,2.66444656362008,6.32171815904283,3.31441327384259,7.21546793563207,5.58863089060264,5.5960908322894,106.914366002319,24.5123152689994,24.1065431930638,2008.58333333333
4.734419294919,4.66641110009857,4.45503096119072,6.83632095610804,12.7998300378348,5.1873482027623,6.64334212258919,4.82734614929986,4.68012385455665,8.57911967454479,5.65567438510641,5.31653256129409,9.56765745223481,4.59765016483134,2.66444656362008,6.28478376368666,3.36285039502328,7.25134801734961,5.46620367223347,5.60522465564937,167.891596454977,24.4639352612239,24.0848019320419,2008.66666666667
4.72836660082124,4.63429359747888,4.46572193940741,7.14518846108366,14.0565713280648,5.15425829920784,6.90776203612018,4.5560350789244,4.63977731787189,8.59619179252586,5.64443308273681,5.31270773289484,9.52823983287282,4.61278041311771,2.77383794164021,6.15040636771841,3.54744113242309,7.24406877635851,5.46686649955059,5.59549883915433,313.554344277989,24.3073526490245,23.9861765288456,2008.75
4.71756104728665,4.53352880450758,4.47467520419274,7.65169575463372,14.6282553955305,5.17111079347214,7.1077336953309,4.24604089602664,4.57445877574703,8.55241728441176,5.60748594924211,5.29868615903409,9.512512153648,4.63000600021878,2.77383794164021,6.10017897656322,3.57219436782172,7.16657864059351,5.48178031998761,5.57672180101732,-410.914831595158,24.1275738888353,23.8201097496031,2008.83333333333
4.70463468785959,4.49216806003972,4.48054306785286,7.6766758767238,14.9937775942302,5.12364858611259,7.56015474528735,4.02486929644459,4.50261534327999,8.62463998725457,5.56766138658581,5.2680721376423,9.46250075769577,4.59681780296617,2.77383794164021,6.0430433772752,3.53335564822103,7.01634634161285,5.4177855770863,5.56213368481663,-381.425179263112,23.9893994230468,23.790038997851,2008.91666666667
4.6823328066909,4.49533981374372,4.49460267007833,18.3006924246097,17.1522189414959,5.11834088167067,7.95048325709856,4.11262004640099,4.47831107461996,8.54895000856708,5.53757878864558,5.28998933746538,9.40357323171269,4.4968778469002,2.77383794164021,5.96043168310568,3.51173471795832,6.93794258406252,5.44236241461086,5.55092562533078,220.995898366376,23.8182568913646,23.5036326067421,2009
4.67136838847436,4.51320252463138,4.50746630106356,9.91368224400027,16.2621239450771,5.21439964507728,8.42814553163257,4.07307015943727,4.52305447141806,8.57017739810668,5.530935617785,5.28396125366045,9.41279911302719,4.43722065835884,2.67207754064339,5.95490294605651,3.4368464072497,6.95139518459211,5.44069176262727,5.53274834168853,-124.658400347482,23.675964286091,23.5407380575374,2009.08333333333
4.6616903926726,4.50972032441878,4.51904628867718,8.96076122207059,15.8139492066139,5.21934734650118,8.46387004649384,4.08866581450339,4.52962726002573,8.59166620840643,5.50025125338586,5.26607032975381,9.41196248165277,4.47284569594755,2.43973493114128,5.93476300948521,3.44021599412281,6.92050595398849,5.4426621349168,5.5236719744316,-223.050718182615,23.789326433778,23.4690031006473,2009.16666666667
4.65045338804175,4.51922499822362,4.52672916170682,8.86589950727396,16.0179500540508,5.2143103331357,8.59934356830989,4.12155095434495,4.5400203540572,8.60188003163561,5.47841964787889,5.26176415036398,9.42737043208779,4.48628853411623,2.15176220325946,5.90348374498591,3.44906735448889,6.93537272108202,5.45322721226638,5.51385158727917,-313.893957616268,23.6479679949116,23.46936199319,2009.25
4.64504123275024,4.52179020543738,4.53360140895419,7.55898706216987,16.1088697337525,5.22651525493132,8.82505489863996,4.23900980116001,4.53924941160205,8.56141227085574,5.44252486689488,5.26298823469143,9.45721792420898,4.50940653035136,2.15176220325946,5.94253460246398,3.45737542533745,6.94511498502251,5.46327308872633,5.51196390903247,-265.91378558111,23.7897008354644,23.4370971570818,2009.33333333333
4.63861330621232,4.53089384109131,4.54061251711858,7.04242664976525,15.6599606088206,5.21223362623957,8.79514873616085,4.39010724697059,4.55210263127074,8.42697391461017,5.4408418643807,5.26591667407974,9.46641795660052,4.52587155224757,2.15176220325946,5.95254884498281,3.39877002060107,6.9301864976218,5.47511632605512,5.51025211209204,-577.673249498585,23.8861824370347,23.4988483045256,2009.41666666667
4.62811428841429,4.54519206277716,4.54855916910943,7.03156390515377,15.4618357569515,5.18754196128665,8.64229514369325,4.32890643323368,4.56546876702477,8.74483530113962,5.46793389869042,5.26532005081405,9.47703689261886,4.51443298630943,1.9154509415706,5.91765833377196,3.37278048501261,6.91929375792601,5.48749702457135,5.50793411840133,-198.873490503308,23.9573307706771,23.4892069041517,2009.5
4.62337563889586,4.53907053946032,4.55380709729866,6.88438030093975,15.5930582860446,5.19393073394461,8.49329572259238,4.44147592094824,4.57081540046256,8.57540675981505,5.46641409078176,5.27398188143667,9.49549638527641,4.50469929524955,1.8213182714696,5.94548282202209,3.36195628020415,6.91025189432332,5.49609201878413,5.50114508493062,-129.505610156467,24.010291567885,23.4942007725361,2009.58333333333
4.62206785093452,4.55257382476263,4.55564853676186,6.8765800056798,14.9208046277081,5.21293304082193,8.14731028915242,4.45384923539982,4.59415716030493,8.53588808773246,5.47399882843197,5.28350083741542,9.5203675258484,4.5389793715417,1.8213182714696,5.96400682280377,3.38967551092813,6.92259094379479,5.53345612204341,5.50629022577246,-354.848531069497,24.0564924276105,23.6014675527326,2009.66666666667
4.61712904678014,4.55532438822275,4.55740877094395,5.50723343242926,14.0501802091922,5.2409065721037,8.00083649805755,4.55801207808805,4.60579627254659,8.55398626378628,5.47777883881008,5.29007237294319,9.55489243294804,4.56355310028225,1.86408013080768,6.01145881439251,3.39851974713165,6.91152072141169,5.49764217971573,5.51339367531727,-76.2041337900924,24.0858069412538,23.6323445824666,2009.75
4.61406649633559,4.56089693824581,4.56100229453952,4.35334994305248,13.5873991474076,5.22106990767873,8.2516581498921,4.61098910560132,4.61375025829202,8.51656676305685,5.47086820858285,5.29913007329277,9.58394139095352,4.577604720204,1.86408013080768,6.0567135201666,3.39903369845363,6.903542847466,5.48322366388856,5.51982327297492,-140.005362287697,24.1401597702937,23.6668899050463,2009.83333333333
4.61219149061585,4.56526381522553,4.56405059982216,4.66191291813481,13.278222102418,5.22948482860724,7.95638595678246,4.60369760044612,4.62693571347704,8.38614116387414,5.49457656999071,5.2805640608587,9.61325300684273,4.5629210416128,1.86408013080768,6.05881744973628,3.39712713403476,6.82016284452795,5.47473516499663,5.5331698113075,-134.232876213197,24.1117784230003,23.6832573162406,2009.91666666667
4.60975436025404,4.58196707716535,4.57169431072688,4.39559430941005,13.9783354347904,5.28812023705054,8.26740559755522,4.63210837953319,4.62684739755216,8.55701594725256,5.47938973334092,5.30855035199067,9.64516198391504,4.58173967757511,2.02683159140754,6.06224865474909,3.39091364865744,6.89271354058874,5.45418011523632,5.56389357481837,-32.4047331192803,24.1933521657926,23.6080929605796,2010
4.60509462358101,4.58292182988589,4.57725999245954,3.98953317819685,12.4504603167036,5.27451083632296,7.66295465060288,4.58680070157384,4.63570808344016,8.58057247696299,5.47843618561338,5.31677196764509,9.66592301838376,4.59210960977221,2.02683159140754,6.06180861371614,3.4228205037213,6.95474097828788,5.45031879246103,5.5567725312762,-13.853723440102,24.2070203720066,23.6828522867257,2010.08333333333
4.60607419374651,4.59803936624663,4.58262973063688,3.61975426250104,11.5330046094615,5.28323836026348,7.88314042830648,4.59816946269103,4.63720456901966,8.38582753667141,5.52162119717788,5.31964821730643,9.68781923383207,4.60946514712387,2.02683159140754,6.06868587799617,3.44549941689742,6.97592737493508,5.45336002069269,5.56940610151054,-160.628003317283,24.1907890389027,23.7039391099548,2010.16666666667
4.60509113561989,4.59158020452352,4.58664821962534,3.40103731970674,11.3854928241455,5.26269422093963,7.94215352593266,4.63362843088288,4.65204730084458,8.74366127448107,5.52516877257369,5.31760332048998,9.7112835026645,4.61940608895992,2.12226153886276,6.06709054299448,3.41708096243649,6.99033637757233,5.45814892408113,5.57539858110866,-73.3241678999018,24.1918347800335,23.7534846318015,2010.25
4.60615537416316,4.59843982051934,4.59171292379016,2.9824515080949,11.4314267254514,5.2816073391195,7.49988025765695,4.52535726367554,4.68146253254659,8.57801430528212,5.52066958234786,5.31826737875633,9.72579057511683,4.61936335058309,2.06305806242931,6.05366675756812,3.42623468198526,7.01021695741493,5.46659855822949,5.57957864008346,-124.792511894881,24.1794824044028,23.8027925548691,2010.33333333333
4.60610691988391,4.59914282629339,4.59724139057987,2.75812585926298,11.3640806646204,5.24960017154147,7.12041886519369,4.49552698404266,4.65317956048695,8.49904271034897,5.55589910092753,5.32870162771689,9.73705946581041,4.60785773314173,2.08691355651854,6.05294758662472,3.4143489461403,7.00824385482665,5.45364001093589,5.5856456640599,-165.82496399296,24.1793013236807,23.7764803189338,2010.41666666667
4.60436371860874,4.59641236605551,4.60251543484674,2.8192782362185,10.8054332526007,5.26746904482598,7.22226523766864,4.49536161529195,4.65117597548475,8.43405423162404,5.49241464733448,5.33287788135183,9.75778419791311,4.60476850220824,2.13771044980381,6.07895730771026,3.43083646673788,7.02362621960104,5.38944756226119,5.59182266704124,-183.084760909004,24.1516753827319,23.8233767225433,2010.5
4.60399666103067,4.60080123100123,4.61216304006127,2.70776053579382,10.2389686600507,5.25933768780745,7.14872360921943,4.51356458206496,4.67631912883738,8.51114343750052,5.54577423304077,5.33217055449713,9.7825171501507,4.61736050251363,2.14826773260969,6.08080566394392,3.43170096463612,7.0406159215673,5.25933832988428,5.5869803330939,-194.433980751431,24.1648358862051,23.9363243979953,2010.58333333333
4.6042618226565,4.61233354122082,4.62231523040121,2.47086867724901,9.91273192716079,5.25798654247634,6.918878480661,4.59307387693975,4.67430882797454,8.41274592861128,5.55503834286821,5.32486750343054,9.79808840472562,4.61501253962798,2.13888900032326,6.11243012755923,3.39972330992739,7.05544935756898,5.23927973825659,5.58039329367917,-127.920559444901,24.2200229518505,23.926532994449,2010.66666666667
4.60344258962705,4.62954572357049,4.62859161698567,2.55421091660094,8.88936829225159,5.2722308764241,6.85381144593392,4.67395472388344,4.70683729276883,8.48872786996288,5.53533638810254,5.32575148652288,9.82293984347218,4.59197720783023,2.15640258281596,6.12236107658522,3.38273880529587,7.07969661271469,5.42873760403609,5.58734991251754,-200.312879379133,24.2438173703957,23.9381250515376,2010.75
4.60427837501505,4.6256211225093,4.63729265104774,2.71967804408286,9.05105456011591,5.26174004745409,6.59495284069238,4.71147426966932,4.75497676527831,8.49628106201352,5.56378121742048,5.32727943554777,9.84784471975867,4.58492662390068,2.16447179086441,6.11247633338507,3.36250985830466,7.10684846985138,5.38891702342568,5.59749956332397,-75.9015531138486,24.2406008044242,23.9334437839915,2010.83333333333
4.60458930241419,4.63291331190012,4.64677462052081,2.77459468618052,8.83914466025488,5.26428443806209,6.80031189079757,4.80101640452803,4.77489085236364,8.43949185025692,5.60708766412039,5.34027056014343,9.86286877790889,4.62098336971,2.16676536985151,6.12094428457726,3.36188518040587,7.12916614716304,5.47250403744875,5.59899022162863,-181.424410523654,24.3466788383392,23.9637249067944,2010.91666666667
4.61541234620042,4.64248278823627,4.66318738143344,2.92363525414839,8.67357792001377,5.3102646554764,7.03320953963859,4.84372317582364,4.80357731224804,8.37779304805852,5.50644342330593,5.32382852386609,9.87016502526645,4.65159973959579,2.2181159363676,6.13942842632226,3.32967323481493,7.14070966795257,5.47875295354422,5.60395629196779,20.7760141585925,24.2788771804374,23.9803623852928,2011
4.61823509843653,4.63619259580796,4.66920693175719,2.90665718280477,8.57719042761327,5.26554293195054,6.72910421734614,4.89562527946832,4.82384309884594,8.4980733983216,5.54963337413132,5.32375857583032,9.88570172990502,4.6575095823742,2.21266038546606,6.15395461027182,3.33854858521123,7.16794080295439,5.47375308124219,5.61442334694907,144.038598904309,24.4682506291298,24.0354638084433,2011.08333333333
4.61898880754312,4.6378953497584,4.67421400864521,3.09724424022205,8.46958046563026,5.24397330750345,6.59925375228592,4.95703126317457,4.82560428440529,8.52676383966968,5.56978836495608,5.33598084238771,9.89778356332958,4.66782944710579,2.21046980408624,6.15762675177145,3.33016329412934,7.17492837724622,5.47166213565278,5.61891110898754,160.343408123634,24.4318912447453,24.0739592063981,2011.16666666667
4.61869656713543,4.65095298498475,4.67981627958703,3.32290863418039,8.35073706164893,5.2429263990283,6.98734821131133,5.00789084419472,4.83384798341833,8.544653424512,5.59524569825749,5.33316589100834,9.90727074351218,4.6580853987975,2.30558060197384,6.16648687104906,3.33096173504723,7.1801801151449,5.47732307414326,5.6287474192446,204.971429668143,24.5409027632912,24.1252191197254,2011.25
4.6111173854976,4.65230976661116,4.68390209551678,4.01224610016868,8.04619673741457,5.23721053779417,6.49376534783937,4.94779538228415,4.85149375503095,8.50953402588505,5.60524472208551,5.34230386392187,9.90997143712913,4.67154525150087,2.30458309565672,6.17108558376797,3.36360766020364,7.18295179347592,5.48494547665366,5.63557402377694,132.032746222339,24.5092112230755,24.1569035451628,2011.33333333333
4.6102089095225,4.66140852444553,4.68768023829719,3.91282871593995,8.52310827778233,5.25950919124496,6.36828148477272,4.93472932584686,4.84055168708113,8.58805514557304,5.62797489348011,5.34529249151606,9.92912168734542,4.67003133346209,2.30258509299405,6.17219554505186,3.46249125490503,7.20716391587825,5.49138340289733,5.64088420818879,188.200591372352,24.5097963009388,24.130009393531,2011.41666666667
4.60976564970401,4.65765879371651,4.68838937552543,4.20482549830322,8.05353612179963,5.2692719139572,6.74240570459726,4.96118497716611,4.80913544189218,8.57352411857661,5.60117912089554,5.36001625422825,9.9448570481782,4.67476099593486,2.41591377830105,6.18132895494252,3.40583087460508,7.20901284518485,5.53582460215723,5.65180559753755,118.000066513163,24.4836351614464,24.0936223292225,2011.5
4.6091717053799,4.65349985507968,4.68975163463317,4.15129857662256,8.07957488960555,5.25649490324507,6.35764150529175,4.88764102042565,4.83706778469286,8.52911824154185,5.66031308428734,5.36952538726475,9.96222050578917,4.64896898668025,2.40784560365154,6.18981620258378,3.42852002189053,7.21498945794875,5.52522184478281,5.66512377295641,109.319830425216,24.4983150433205,24.137807931744,2011.58333333333
4.60656220204896,4.65556380086203,4.69146225711596,4.29933419276005,8.22775093745823,5.26502912841719,6.3135978630871,4.93830764413659,4.84631815740141,8.61660461740317,5.67588162728896,5.38029838187387,9.98590654349257,4.62542142429147,2.40784560365154,6.14542206142201,3.45484725825709,7.22827883345191,5.56452595033758,5.6714502779014,62.2526739344411,24.466278907252,24.0735613222397,2011.66666666667
4.60724899392628,4.66015114386864,4.69665222107637,4.66730407482488,8.62822061045287,5.26879681778971,6.25313751609445,4.93954164640715,4.85986238254957,8.55154141492396,5.66682287712839,5.38462484794462,9.99235735846491,4.61032021513087,2.494031557565,6.15197685368821,3.40106807400513,7.24646970010518,5.73656056200743,5.6772442833313,98.6522165535368,24.5118158011656,24.0996262691733,2011.75
4.60680871829511,4.66026445655263,4.70138831775047,4.46514410640262,8.81580401976706,5.26263882438678,6.14774835713606,4.96279604660768,4.87227136711656,8.574605117686,5.68393770984984,5.39394112083671,10.0170354080352,4.64576339542381,2.48657192910706,6.14089245135062,3.36807142420983,7.26514298467638,5.70810600483872,5.67893219411558,2.84295084826012,24.5326240977145,24.1328381792218,2011.83333333333
4.60621988545241,4.67421318307658,4.70522186723245,5.05190137951063,9.0687795738917,5.28222644972741,5.84460271863324,4.95402801999677,4.8815297416925,8.57580088354492,5.73566940570296,5.44394647059983,10.0578717915068,4.64983131078449,2.494031557565,6.13822312008281,3.39123116527817,7.2891864902845,5.51910909899149,5.68490291457021,-387.127062061036,24.5320499061906,24.0999305733466,2011.91666666667
4.60487064143253,4.67678032866622,4.70429064419742,5.08300594431456,8.88854935962871,5.32341985412118,5.88044026788083,4.97131458863556,4.88408277614409,8.51785198754482,5.68196668493647,5.41902189256759,10.0705570331894,4.65152255615303,2.51203531717625,6.14339150227098,3.39906950579607,7.32157642009508,5.51228949580451,5.6789774089775,-8.44584125756968,24.5492776608254,24.11703334701,2012
4.60159036242988,4.69038404073808,4.70715352642795,4.53192536823924,8.8308184648617,5.25705642177603,5.70882456537425,5.01828659705307,4.88634610330276,8.5233967704055,5.70909492072412,5.40526939970574,10.079162771698,4.67192567959484,2.50307395374345,6.15907024794594,3.50504895956989,7.36957268130995,5.51739686828403,5.69614514718264,82.6193963837973,24.5465700065243,24.122581555353,2012.08333333333
4.60135046254947,4.67824947573834,4.71188601862312,5.1239138284764,8.93332552998541,5.27309997415377,6.01944075873281,5.04426964832408,4.89626957439244,8.54155333273651,5.68945502532122,5.42523776022634,10.0907420238335,4.68935664999036,2.52652832447882,6.15417735507164,3.49398743544078,7.36078161942532,5.52363522214072,5.69556098263795,56.8874114836247,24.5376487271406,24.1513959543812,2012.16666666667
4.60021151687268,4.67523613818018,4.71582549735243,5.25799851782139,8.8864736117683,5.28200862827457,5.52170537197672,4.99605745550864,4.89824345573356,8.48651012078188,5.69307757777642,5.42932158210013,10.0953179049437,4.68619291207536,2.53131302260216,6.15179950385101,3.48193496071342,7.33655376273212,5.53065231945274,5.69980307842388,-34.9674050499567,24.5141651134588,24.1166556867636,2012.25
4.5983850637617,4.68083316373915,4.71947637288465,5.97371469018735,8.88818771426791,5.28694273684688,5.47585713150944,4.92723252040017,4.88519606032254,8.55809214096107,5.72876867319205,5.45410033173769,10.1028083637041,4.66521564748962,2.53131302260216,6.14687574252893,3.48115250563792,7.33257292626672,5.53646050018558,5.71056706308251,222.221035133369,24.5226034842915,24.1424704728105,2012.33333333333
4.59701812253952,4.68081482582796,4.72974348447834,6.04145864258445,9.20126930965069,5.31707393992658,5.48510096182011,4.77611062225745,4.88773441162897,8.58634434927302,5.7147478592176,5.44219017142832,10.1096529389875,4.60629808324852,2.53051716104005,6.14236246671888,3.42480490020688,7.32820347514477,5.53538035185922,5.71685241612292,4.41447509658802,24.4665042829946,24.129616871478,2012.41666666667
4.59612283925566,4.68825331139025,4.74230890453434,5.89887567742773,9.6338750960849,5.29677336538289,5.42820205379576,4.84940315573167,4.86070897731312,8.65612382908913,5.70270863921101,5.43746041402163,10.1137183510366,4.63670490389996,2.43185742869818,6.12953200681453,3.44196496503212,7.32946080655753,5.50277390217442,5.71355969902405,15.2296163892332,24.4629632547666,24.1640165743463,2012.5
4.59554126118642,4.69613648651555,4.74671739003474,5.50651388639984,9.28826682999641,5.31628695077769,5.28248631970758,4.92415119591965,4.90668746615292,8.61383098556181,5.72136679598721,5.43272551791537,10.1168185744008,4.6593700093764,2.43361335540045,6.12847769060698,3.40846046969151,7.32944082644282,5.50897469308455,5.71603179024996,18.1190303386576,24.4396310154864,24.1601289054695,2012.58333333333
4.59549058778965,4.68670702778759,4.75476244379494,5.3578047804322,9.18582314648658,5.32584771275034,5.20824835584534,4.94834218096237,4.95250099227315,8.54029286676552,5.70711364709593,5.43694058777871,10.1259804087454,4.67178479437055,2.43185742869818,6.14875822604206,3.39755697528423,7.32323183661182,5.47139194429097,5.72370450790852,-45.5794862982019,24.5064720102786,24.1391722996111,2012.66666666667
4.59586967933929,4.68242850059366,4.75950866125866,5.89910607757368,9.16081620993947,5.29960329401848,5.1006670749308,4.94917884381688,4.93918800320643,8.62019577967887,5.73364435502747,5.44877307414651,10.1405978949705,4.68307225403038,2.44841554120559,6.1500934588497,3.39507621968928,7.33293452399584,5.55791345076873,5.72495625715109,-0.749648255895832,24.5014851536515,24.1728734096542,2012.75
4.59379907436346,4.6882038948008,4.76321105876768,5.66365406427218,9.15442875262986,5.33710767861179,5.15442188475073,4.94886357510208,4.93544939994273,8.68432996182867,5.71570828590212,5.46040641169355,10.1496436010214,4.68409645784936,2.45444744230329,6.16752965110224,3.41676966951731,7.34907170965499,5.58265775008534,5.72735462373114,0.596249160146664,24.4980938416557,24.1656661762179,2012.83333333333
4.59265966021842,4.70298923911509,4.76812296102307,5.8292154848023,9.2041103791095,5.3525273729687,4.96816772218317,4.96404877431084,4.93082615184788,8.67512588763015,5.72245184090885,5.49286972466445,10.1677076818335,4.70167581114195,2.45444744230329,6.20167757214053,3.44534430844864,7.38777883928189,5.53757971550418,5.72883942501884,-4.99638778748693,24.511991817502,24.1887611989834,2012.91666666667
4.58436524949524,4.67430545655129,4.77338011232837,5.64353811831524,8.89585162880896,5.33004651156564,5.65370583847034,4.98260659419573,4.93078740172308,8.60823083468881,5.74270439297248,5.47401805422397,10.1899151098329,4.71495631537161,2.43273577745909,6.18887817810122,3.45026476985852,7.43592858141203,5.53662130190881,5.72177554993123,-108.616490963816,24.5137442359498,24.2163837728187,2013
4.58269050475264,4.67718637145195,4.77820933258026,5.88064373536529,9.58295976983325,5.35461109318548,5.39375849719289,4.98518142133731,4.93497010873644,8.53459645007081,5.73061331806984,5.47960791557713,10.2047756194845,4.71237460588336,2.43009841329301,6.18356666896619,3.47363503331465,7.51386828621278,5.54010987343186,5.72755379719253,97.143207130045,24.5222539279015,24.2314064529052,2013.08333333333
4.58195857924195,4.68444277395185,4.78049629765296,6.05542667392085,9.69803301288587,5.38310688675799,5.48647283232388,4.91975833761096,4.92690589151694,8.57721290363253,5.73134740596653,5.48789476721869,10.2232705294686,4.70631009169523,2.43009841329301,6.18055966232771,3.49098432835535,7.49214101113835,5.54285551159242,5.73864171471162,-90.1184897568804,24.5032594289137,24.1950323423915,2013.16666666667
4.5817287233623,4.68283554269609,4.78552213886837,6.05639896059669,10.0111892937211,5.35689895170835,5.50444037854886,4.85001927459794,4.91405472387703,8.71773724136027,5.72029478045664,5.5064988093908,10.2327862678814,4.69577942416807,2.45444744230329,6.17493816239077,3.50645352754217,7.49293969231057,5.54608966583277,5.74258719684157,-51.119468227042,24.4829405073556,24.1772944135494,2013.25
4.5815604519816,4.67620294429424,4.790535570565,6.42645854734839,9.83292288456157,5.29285906345234,5.47363547547426,4.86624529100397,4.9129498548187,8.62634896111032,5.72217871707215,5.50360375437702,10.2425560178017,4.70524104885439,2.43449016387398,6.16977840586435,3.50493278579447,7.47594250943615,5.55285837332697,5.74528952959061,-75.8492223146248,24.4193692729623,24.081007673167,2013.33333333333
4.58048881835276,4.70328315557624,4.79610871458688,6.41987178995593,9.39937028471238,5.35510494997776,5.65913377046712,4.85436360577364,4.92180718514526,8.59383023954119,5.71405427947599,5.5030507829583,10.252551599483,4.65376212933445,2.42657107277504,6.15842672346973,3.4729893256881,7.45266779055528,5.56013910457532,5.75452893037544,-98.1490346591814,24.5157212249487,24.1933542083092,2013.41666666667
4.57978631164251,4.69137869596443,4.80424832091971,6.31576281217651,9.28128460130158,5.3395791688008,5.50647230203838,4.89378482038056,4.92760460113619,8.62125558922764,5.71997205767111,5.50389938760379,10.2675246038714,4.65571389436106,2.39607543608138,6.15080795295032,3.4647742795036,7.39212317261754,5.55180693346379,5.75668422425446,-73.0066836961082,24.5023128645036,24.1486855861103,2013.5
4.57733775106741,4.69834745811443,4.80975626315168,6.39765529812098,9.49094330623156,5.34491882570554,5.48994354713144,4.90398519215227,4.95054001929321,8.77034280391495,5.71283447556079,5.50990182842189,10.2747189178396,4.65522846983285,2.39516427428714,6.12638418460162,3.48091310075412,7.41180358145168,5.55847010599561,5.75674346895881,-71.0296023596876,24.4895132114071,24.1322746814653,2013.58333333333
4.57499259594106,4.69268676316852,4.81452406403009,6.28784491962165,9.83424392370811,5.3464750158115,5.49597109101672,4.91626818169484,4.96168728733747,8.80552465991684,5.70678984587025,5.50387245141674,10.2760191138562,4.67773366543869,2.39425228151987,6.15129420334117,3.47405345515343,7.41113198609674,5.48368216872256,5.75685333484257,-1.48143906624651,24.5312338503628,24.1656445484443,2013.66666666667
4.57373789014512,4.69085156864405,4.82057920847111,5.9769212761159,9.27885718549284,5.34565733838346,5.49090668781516,4.91527391663621,4.95540504076379,8.78434600699074,5.71502616201087,5.50787769108005,10.2848819601483,4.68505657796994,2.39151130218845,6.16016452866754,3.55229231045833,7.40962925773765,5.74508369871865,5.75875717164066,22.7340348152994,24.4310275576402,24.1277161961398,2013.75
4.57229962407347,4.71703583084717,4.8260344913339,5.8901403533637,9.06039823857094,5.3551772565459,5.36327956218282,4.93073786476601,4.95389096774403,8.77417344117139,5.76581195056544,5.51104917064412,10.2999922662005,4.68233016045589,2.39425228151987,6.15985451790979,3.58426922223812,7.42772743814093,5.65742032276067,5.76729569435062,-72.3278856300904,24.5436569157184,24.1677853253468,2013.83333333333
4.57821229838166,4.69612211046549,4.83084007541202,6.01662645974554,9.26002921442534,5.38275302070443,5.45901638645868,4.97423230620396,4.96824517167748,8.59907299326395,5.70886705656476,5.52279665641878,10.3044795542583,4.6783136114891,2.39698576841553,6.16136816381067,3.57662630397697,7.43564385231183,5.56100192530301,5.75924857835718,-342.232781886547,24.5198694865514,24.1916301307999,2013.91666666667
4.56942676908748,4.67895808616562,4.83300814088902,6.33772145726991,9.2876181199644,5.3239764794956,5.31394737929845,4.93488218232153,4.97731149695293,8.82515398589769,5.69167120537532,5.53229216660488,10.3083775364222,4.6537732760789,2.3887627892351,6.14004409610047,3.59004282870269,7.4289163847437,5.57010542212277,5.74666354321274,352.124870762612,24.5394702969459,24.1793414813691,2014
4.56852643139793,4.69934153310105,4.8391060626885,6.21908463957842,9.39862630763715,5.34355368389408,5.24586497543848,4.92085755456962,4.97454428713152,8.82712525045046,5.69815982408762,5.52903603962606,10.3174178615817,4.61014841351793,2.3823200610129,6.12852644494599,3.56473856157236,7.46083621930417,5.5723591304189,5.7681368072762,-149.417638546772,24.3927612864074,24.1321421002516,2014.08333333333
4.56670427156455,4.70074512752947,4.8472920147107,7.96444939817966,10.0105815008259,5.33258243639096,5.19514754838848,4.91590571705625,4.98084621884723,8.84256629843513,5.69232317506818,5.53732343285307,10.3055178396552,4.58754465646321,2.36930872503695,6.10983217060851,3.52836984756701,7.48822398495111,5.57448878768237,5.78031942881397,-17.9000469932758,24.5585865718128,24.1340738425581,2014.16666666667
4.56472956134001,4.70644572360565,4.85600335500814,7.65122536779836,10.2619970840487,5.35405337165019,5.18392707825769,4.91094469094142,4.98490281804444,8.85674435587844,5.69932900217927,5.54270573644057,10.3128260584728,4.61893475382078,2.37861977927004,6.05041507658782,3.57658785571499,7.50039914585438,5.58582237323153,5.77158905313376,24.7921899035103,24.5514462061062,24.1304627681442,2014.25
4.56100791980423,4.70845984700001,4.86335027905633,8.0641897802767,10.4680999866589,5.35004285350196,5.13941428257088,4.92984971636901,4.99499767234807,8.89526122865754,5.69738643402005,5.53330173555705,10.3169145196794,4.64847449915937,2.3646204839135,6.06425077165651,3.609544126138,7.52954277485045,5.59321471419845,5.76983014242379,28.3108088433589,24.5146189343746,24.0998440057801,2014.33333333333
4.56160679990288,4.70225706134091,4.87070925365932,8.21291195500508,10.6120200697743,5.33270015917598,5.11094542840902,4.93315962134497,5.00292195633366,8.88762913412446,5.7056310892288,5.529593269065,10.3185670357428,4.64819907921134,2.35327820730956,6.06245451222439,3.66778192198421,7.55853439675283,5.5983707147836,5.7683474417812,-21.0393327585314,24.4689803003875,24.1114684213974,2014.41666666667
4.55963633745923,4.70586176167337,4.87603311565098,8.40699756762496,10.7850186218265,5.35805899868831,5.08311872176868,4.88168327750589,5.00716870833154,8.91270781842101,5.70718759132262,5.52496808348606,10.3276448455676,4.65107590255089,2.24070968927596,6.04252813384884,3.73915418504001,7.58092541048202,5.62622799566282,5.77410664581722,3.71706698560857,24.5508376645502,24.1051192434929,2014.5
4.55847375521829,4.70258554568922,4.88280043736451,8.34585885232966,10.7998896414351,5.38611707521315,5.06920565547097,4.81391336145304,5.00274123695193,8.86029700760822,5.69955477471413,5.50959582957559,10.3381940474656,4.64351098791366,2.33988087773774,6.022301066044,3.88129961666953,7.58405597135999,5.61373190649178,5.77750412011668,-60.4981008696782,24.4755636740146,24.0442569206994,2014.58333333333
4.55887271452828,4.71527989634769,4.89181665782364,8.13288291957277,10.969415479155,5.33966746523932,5.08286877200787,4.76809908063932,4.9958363288767,8.87199544727137,5.69673512598006,5.52349233574233,10.3437542699437,4.63129278867276,2.34180580614733,5.98738442739543,4.02346026806804,7.57340682743076,5.63046298346026,5.77717298880447,-43.8914922808223,24.3482656322994,24.041433200897,2014.66666666667
4.55711220096219,4.72014647965634,4.9006787801353,8.10022132049673,10.9116195161091,5.3588124988438,5.104086389664,4.68131142289698,5.00494127271969,8.90756029024832,5.69957322082964,5.51849186249563,10.3438935789689,4.57395147254631,2.34180580614733,5.93300384163819,4.23472312640468,7.55806520617584,5.61852992923899,5.77901348560116,-128.003041861083,24.3862477934853,23.9959345550282,2014.75
4.55732190600823,4.71596889947592,4.91275930798645,9.84643020582944,12.0851243162576,5.33097983449702,5.17599296559567,4.60782542303815,5.01506647804226,8.83229866549948,5.68788828725452,5.50717478365526,10.3481481948608,4.48877255460838,2.31845844215034,5.91697561372137,4.10948905348654,7.52073464082628,5.64578323693568,5.78479336218716,-24.1409445901468,24.3152479723642,23.9379684265066,2014.83333333333
4.55663697438642,4.73183203757281,4.93822047842037,14.5848295130063,18.1115125382985,5.3154712236044,5.17712109731008,4.39905760170131,5.02781391488941,8.81964604110066,5.69009244745598,5.48601518600084,10.3273408822229,4.35156259016495,2.34660197841082,5.83619295781374,4.06203920122436,7.44201946502701,5.60976693150186,5.80586734989732,-804.394398442373,24.2482507570274,23.8886260142417,2014.91666666667
4.56058507667415,4.69748376649048,4.9726168024061,17.6114689556331,20.05159697034,5.31560281577584,5.23553819263048,4.1403819499843,5.0456261611834,9.02795005095086,5.66704401048293,5.46441396747241,10.3509314458017,4.26405742804529,2.2512917986065,5.80652245543965,3.9523597047243,7.36103247413224,5.60674902474561,5.70981839199646,-583.975706972327,24.1990964609257,23.6762846377017,2015
4.55540418789137,4.68909975680593,4.99347076438159,15.6570705270763,18.1130424655341,5.32716544195059,5.44633768615336,4.29996656825591,5.06938005671924,9.17255393361559,5.66590934449684,5.46207478081239,10.3576285436585,4.30267328205425,2.22893855282575,5.7736027381971,3.98353548221382,7.26075074248574,5.61091610382561,5.69827204879344,-206.895126618481,24.1803983181968,23.6928452686542,2015.08333333333
4.55253830380014,4.69261379105586,5.00372594562645,14.986473179233,17.4362330013708,5.31830767840191,5.65661684405052,4.27214171115941,5.10581120554482,9.06105023801162,5.66947608753222,5.43973695219267,10.3665817734442,4.39830193940732,2.22893855282575,5.755184577664,4.02668557006161,7.17722941285666,5.6193130940563,5.69325791949894,0.12775078048422,24.1679237311179,23.6616834432755,2015.16666666667
